"PlotID","lon","lat","hii","age_yr","elem_m"
1,-157.880206,21.406344,38,2400000,395.179779052734
2,-154.910211,19.443586,22,575,129.657791137695
3,-154.910211,19.443586,22,575,129.657791137695
4,-154.910211,19.443586,22,575,129.657791137695
5,-154.910211,19.443586,22,575,129.657791137695
6,-154.910211,19.443586,22,575,129.657791137695
7,-154.910211,19.443586,22,575,129.657791137695
8,-154.910211,19.443586,22,575,129.657791137695
9,-154.910211,19.443586,22,575,129.657791137695
10,-154.910211,19.443586,22,575,129.657791137695
11,-154.910211,19.443586,22,575,129.657791137695
12,-154.910211,19.443586,22,575,129.657791137695
13,-154.910211,19.443586,22,575,129.657791137695
14,-154.910211,19.443586,22,575,129.657791137695
15,-156.228992,20.779832,12.5812149047852,545000,1844.94592285156
16,-155.184747,19.327124,17.4435195922852,1033.5,735.716552734375
17,-155.183294,19.326618,17.4435195922852,1033.5,735.716552734375
18,-155.252263,19.403232,15.5006103515625,1033.5,1132.173828125
19,-156.135134499624,20.7075815949577,17,545000,2212.2275390625
20,-156.088305797246,20.6904834609909,14.2297592163086,21500,916.953063964844
21,-156.113628210961,20.7316590594055,12,545000,1966.75183105469
22,-156.11424837775,20.7065374748014,12,21500,1523.04760742188
23,-156.112575583867,20.7062115118964,12,21500,1523.04760742188
24,-156.095650890638,20.6961863305729,12,21500,1099.16589355469
25,-156.090412820619,20.6921710531845,14.2297592163086,21500,975.877807617188
26,-156.104872469679,20.7056577985689,12,21500,1371.31091308594
27,-156.123122471808,20.7131677139381,15.4759092330933,21500,1663.263671875
28,-156.1110556532,20.6932679431706,12,545000,1591.66552734375
29,-156.09242991326,20.683484863738,15.6291666030884,545000,1151.20422363281
30,-156.092158019284,20.6811422302236,15.6291666030884,545000,1063.13354492188
31,-156.106695471761,20.7137317487841,12,21500,1336.15966796875
32,-156.099386417312,20.7141322374686,12,21500,1190.22448730469
33,-156.099415260639,20.7131216759929,12,21500,1190.22448730469
34,-156.081391960053,20.6888408184836,14.2297592163086,21500,831.798095703125
35,-156.084016110217,20.690067833358,14.2297592163086,21500,874.281066894531
36,-156.11202893071,20.6945571223736,12,545000,1628.43896484375
37,-156.082058748661,20.6890868246579,14.2297592163086,21500,831.798095703125
38,-156.09255117472,20.6851749961907,14.2297592163086,545000,1213.4609375
39,-156.100350007875,20.7169378931642,12,21500,1215.2255859375
40,-156.100467405907,20.7158114701556,12,21500,1208.40942382812
41,-156.110406403513,20.6920925261221,12,545000,1591.66552734375
42,-156.09867188485,20.7113488341472,12,21500,1136.37634277344
43,-156.100745059114,20.7183618258824,12,21500,1215.2255859375
44,-156.080541561721,20.6816498409796,16,21500,731.139831542969
45,-156.090071158121,20.7055435416876,12,21500,998.085388183594
46,-156.109147474883,20.7063706079119,12,21500,1458.96984863281
47,-156.103513612238,20.7110241940671,12,21500,1286.72570800781
48,-156.094607065711,20.7292804288692,12,21500,1703.31591796875
49,-156.099811403135,20.6988653456357,12,21500,1227.46459960938
50,-157.743028,21.316545,38,2400000,454.431640625
51,-155.411498170078,19.4895190952694,6,2250,2268.30200195312
52,-155.545551877565,19.3107616433695,6,1125,2040.92834472656
53,-155.554061586832,19.3423661346721,6,2250,2409.46923828125
54,-155.7421494549,19.4060048852486,8,2250,2213.98388671875
55,-155.406926008077,19.484929014037,6,2250,2196.49926757812
56,-155.391786410486,19.4902051380758,6,2250,2079.0185546875
57,-155.550890013405,19.3317277213529,6,1125,2269.41430664062
58,-155.555882314787,19.297965687704,7.61707973480225,2250,2017.35095214844
59,-155.574358357426,19.2959270071373,6,2250,2142.82153320312
60,-155.560506846501,19.3023889088873,6,2250,2087.9541015625
61,-155.600690246458,19.2668560399663,8.86674308776855,1125,2013.25134277344
62,-155.527164124727,19.3292047195785,6,1125,2025.93872070312
63,-155.554579520583,19.3493573442372,6,2250,2489.65747070312
64,-155.403735482884,19.5132564145204,6,8000,2366.10498046875
65,-155.740004375435,19.3944076717657,8.439866065979,2250,2261.53149414062
66,-155.552124478822,19.3266895790475,6,1125,2226.01416015625
67,-155.583347900272,19.2754549822518,8.00798606872559,1125,2000.31457519531
68,-155.565224744248,19.3103415040503,6,2250,2194.05737304688
69,-155.560040835352,19.3084999252017,6,2250,2142.78588867188
70,-155.554350831744,19.3383345667375,6,2250,2356.728515625
71,-155.591915228488,19.2554672899543,10,20500,1869.88171386719
72,-155.683889194518,19.1432738389637,10,2250,1318.22497558594
73,-155.680148282049,19.1222440072903,10,2250,1156.9619140625
74,-155.679154107447,19.1041809102729,10,2250,988.593933105469
75,-155.68128792746,19.1239881922151,10,2250,1177.97631835938
76,-155.679507713742,19.1078508767305,10,2250,1038.48364257812
77,-155.682259169056,19.1329495805133,10,2250,1243.67468261719
78,-155.579799994012,19.2656802620036,10,1125,1891.36938476562
79,-155.604026943525,19.2451272863195,10,2250,1877.64611816406
80,-155.664037144528,19.1908970631664,10,475,1661.31396484375
81,-155.608034323164,19.2400133446564,10,2250,1842.67395019531
82,-155.600402175363,19.2516082987534,10,2250,1895.82055664062
83,-155.608965711679,19.2448040587541,10,2250,1887.67492675781
84,-155.661838998027,19.1925001795034,10,475,1670.68249511719
85,-155.678143831242,19.1057397075502,10,2250,1012.85852050781
86,-155.671083862622,19.0967312383371,10,2250,905.770812988281
87,-155.683902712144,19.1200130798578,10,2250,1143.3759765625
88,-155.686461339889,19.1425228960872,10,2250,1325.97290039062
89,-155.686238044959,19.1398804591377,10,2250,1307.04760742188
90,-155.68572325221,19.1344882206077,10,2250,1264.78356933594
91,-155.675401426198,19.0970568203496,10,2250,915.323486328125
92,-155.683844219774,19.1169799437513,10,2250,1124.79064941406
93,-155.605898351223,19.2432223742085,10,2250,1856.9736328125
94,-155.677082015232,19.1217920382226,10,2250,1152.46459960938
95,-155.578201057247,19.2692336450018,8.00798606872559,1125,1897.53125
96,-155.563582334876,19.2812419500488,6.7039966583252,20500,1957.06665039062
97,-155.660210412886,19.1934719514179,10,475,1684.61328125
98,-155.684212244719,19.1509082514948,10,2250,1393.55004882812
99,-155.680511500287,19.1259138195881,10,2250,1189.50024414062
100,-155.68010685432,19.113196797704,10,2250,1082.31958007812
101,-155.223899691828,19.3756536653444,17,300,1024.615234375
102,-155.227346239639,19.3820512746222,17,300,1052.99743652344
103,-155.167902044014,19.3592587798729,22,575,864.764892578125
104,-155.117763161574,19.3544114828752,33.3181762695312,575,695.884216308594
105,-155.139633361671,19.3698450204031,23.7064685821533,575,799.816650390625
106,-155.154253912668,19.3533511025826,22,575,819.118591308594
107,-155.154523838139,19.3586860079112,22,575,849.084228515625
108,-155.143011995836,19.3523727892095,22,575,779.468505859375
109,-155.139969445707,19.3365205923323,22,575,706.902160644531
110,-155.218127837685,19.3781356890683,17,300,1019.75146484375
111,-155.123203612092,19.3732891764644,25.0517635345459,300,755.172424316406
112,-155.233072758158,19.3978772110509,15.4703960418701,1033.5,1121.87145996094
113,-155.162682967342,19.3531789157941,22,575,829.738830566406
114,-155.116714207279,19.3505577736643,31.8400268554688,575,693.372863769531
115,-155.139304403031,19.3446304654864,23.2396831512451,575,753.208923339844
116,-155.120244448144,19.3446455891584,31.8400268554688,575,692.666870117188
117,-155.229083220181,19.3852002007579,17.1021022796631,300,1078.18713378906
118,-155.119839642715,19.3604481087408,29.4924926757812,575,711.653503417969
119,-155.157945513526,19.3634235606367,22,575,866.032958984375
120,-155.12548134628,19.3735245182658,25.0517635345459,300,761.573181152344
121,-155.13097607589,19.3510688630787,29.2812461853027,575,739.626098632812
122,-155.255115670633,19.499022618665,14,8000,1255.78173828125
123,-155.230487276563,19.4685293289264,24,8000,1114.51965332031
124,-155.214078862257,19.4775638486691,20.922664642334,8000,1043.20751953125
125,-155.236486925788,19.5177690551356,14,1125,1155.34106445312
126,-155.263877585745,19.4976306917398,14,8000,1304.92175292969
127,-155.263030962624,19.4935950898471,14,8000,1304.51989746094
128,-155.24763251289,19.5019878384174,14,8000,1218.30627441406
129,-155.26652888783,19.4965227294449,14,8000,1323.79272460938
130,-155.251560812603,19.4940362175167,14,8000,1225.77600097656
131,-155.249886218083,19.4748555348422,24,8000,1201.82763671875
132,-155.250529841676,19.4780176852142,22.6690235137939,8000,1205.83813476562
133,-155.222920882009,19.4848752208602,14,8000,1104.58544921875
134,-155.267776437572,19.4965161290474,14,8000,1323.79272460938
135,-155.232012290153,19.5123872063941,14,1125,1129.99548339844
136,-155.23307533905,19.4767164250015,23.8431358337402,8000,1133.22839355469
137,-155.248491889075,19.4711156344053,24,8000,1179.14916992188
138,-155.255682705051,19.5062589824451,14,20500,1268.35729980469
139,-155.239026439267,19.5147300358387,14,20500,1168.03503417969
140,-155.247760319616,19.5112347589604,14,1125,1222.36743164062
141,-158.096661111111,21.4177555555556,34,3010000,760.4609375
142,-156.277379,20.827244,29.1098976135254,545000,892.455078125
143,-158.19395,21.536533,18,3010000,636.5341796875
144,-156.907542101066,21.1463179889582,18.6656093597412,1400000,1039.67065429688
145,-156.907504360639,21.1407815140105,19.5161514282227,1400000,1087.34533691406
146,-156.905834858542,21.1486088054269,18.6656093597412,1400000,1004.33435058594
147,-156.908721743235,21.123998855002,18.958324432373,1400000,1177.93896484375
148,-156.903254853603,21.145876589566,18.6656093597412,1400000,1076.98779296875
149,-156.910251673945,21.1405084013762,19.5161514282227,1400000,1047.49182128906
150,-156.90073319951,21.1431089401108,18,1400000,1127.55639648438
151,-156.915264716171,21.1557965495072,19.5352573394775,1400000,936.999389648438
152,-156.909560009539,21.1308005398486,21.5512866973877,1400000,1081.42150878906
153,-156.916488637046,21.1584577217569,17.4852447509766,1400000,876.019775390625
154,-156.905669774241,21.1357014603087,19.5161514282227,1400000,1138.86804199219
155,-156.907772063552,21.1230840232132,18.958324432373,1400000,1200.08654785156
156,-156.904154973543,21.1386900366261,19.5161514282227,1400000,1142.4404296875
157,-156.908203660716,21.1314249917013,21.5512866973877,1400000,1148.19653320312
158,-156.908349860167,21.14500944762,18.6656093597412,1400000,1071.87219238281
159,-156.907023845597,21.1372986336997,19.5161514282227,1400000,1095.52990722656
160,-156.904348259898,21.1345291380334,19.5161514282227,1400000,1176.34167480469
161,-156.907216843378,21.1427467192195,18.6656093597412,1400000,1071.57092285156
162,-156.907810643895,21.1436481307824,18.6656093597412,1400000,1071.57092285156
163,-156.899934908958,21.1314490696631,18.8407077789307,1400000,1202.15173339844
164,-156.904268705022,21.1442906626711,18.6656093597412,1400000,1076.98779296875
165,-156.899266082804,21.1379250174543,18,1400000,1179.775390625
166,-156.902916678906,21.141862640184,18.6656093597412,1400000,1121.51782226562
167,-156.904525200004,21.1370058230144,19.5161514282227,1400000,1138.86804199219
168,-156.910959815449,21.1538469285018,18.2589626312256,1400000,975.54052734375
169,-156.906413699527,21.1464665903276,18.6656093597412,1400000,1042.12341308594
170,-156.912148549033,21.1507729944598,19.5352573394775,1400000,1006.48913574219
171,-156.906632198215,21.1357133639375,19.5161514282227,1400000,1138.86804199219
172,-156.906759013172,21.1266839152138,21.5512866973877,1400000,1164.94665527344
173,-158.223280555556,21.5472722222222,22,3305000,448.977478027344
174,-156.929944,21.116536,18,1400000,943.4892578125
175,-156.929944,21.119022,18,1400000,967.635925292969
176,-156.959069444444,21.1125694444444,26.0225372314453,1400000,646.171936035156
177,-156.339097222222,20.6202666666667,22,4000,649.109497070312
178,-156.976552777778,20.8759166666667,17,1380000,525.825500488281
179,-156.967322222222,20.8734472222222,17,1380000,512.878540039062
180,-156.988458333333,20.8780555555556,17,1380000,524.721618652344
181,-155.456834,19.332256,10,1125,1090.35095214844
182,-155.936438888889,19.7684166666667,18.2466983795166,2250,633.688293457031
183,-155.04493,19.70426,36.0400047302246,1125,32.1569671630859
184,-155.04493,19.70426,36.0400047302246,1125,32.1569671630859
185,-155.04493,19.70426,36.0400047302246,1125,32.1569671630859
186,-155.04493,19.70426,36.0400047302246,1125,32.1569671630859
187,-155.04493,19.70426,36.0400047302246,1125,32.1569671630859
188,-155.04493,19.70426,36.0400047302246,1125,32.1569671630859
189,-155.04493,19.70426,36.0400047302246,1125,32.1569671630859
190,-155.04493,19.70426,36.0400047302246,1125,32.1569671630859
191,-155.04493,19.70426,36.0400047302246,1125,32.1569671630859
192,-155.04493,19.70426,36.0400047302246,1125,32.1569671630859
193,-155.704006,20.056842,27.7438125610352,190000,1244.01257324219
194,-159.660227,22.130645,22,4750000,1136.97766113281
195,-159.689736111111,22.1414666666667,22,4750000,800.966796875
196,-159.667991666667,22.1477722222222,22,4750000,978.552612304688
197,-154.94494,19.414264,22,575,216.175247192383
198,-154.94494,19.414264,22,575,216.175247192383
199,-154.94494,19.414264,22,575,216.175247192383
200,-154.94494,19.414264,22,575,216.175247192383
201,-154.94494,19.414264,22,575,216.175247192383
202,-154.94494,19.414264,22,575,216.175247192383
203,-154.94494,19.414264,22,575,216.175247192383
204,-154.94494,19.414264,22,575,216.175247192383
205,-154.94494,19.414264,22,575,216.175247192383
206,-154.94494,19.414264,22,575,216.175247192383
207,-155.85829,19.316406,14.9116306304932,2250,595.070068359375
208,-154.952525,19.424302,22,62,283.214935302734
209,-154.952525,19.424302,22,62,283.214935302734
210,-154.952525,19.424302,22,62,283.214935302734
211,-154.952525,19.424302,22,62,283.214935302734
212,-154.952525,19.424302,22,62,283.214935302734
213,-154.952525,19.424302,22,62,283.214935302734
214,-154.952525,19.424302,22,62,283.214935302734
215,-154.952525,19.424302,22,62,283.214935302734
216,-154.952525,19.424302,22,62,283.214935302734
217,-154.952525,19.424302,22,62,283.214935302734
218,-159.412501,22.091171,18.0195636749268,2e+06,325.575897216797
219,-156.290347,20.727622,18,545000,1904.75744628906
220,-155.283333333333,19.9166666666667,10,182000,NA
221,-154.901906,19.482657,22,227,202.309799194336
222,-156.597297222222,20.8582972222222,18,NA,776.899963378906
223,-159.574239,22.217716,22,4750000,120.46231842041
224,-156.253849,20.800458,15.4269275665283,545000,1420.69116210938
225,-154.869039,19.437316,22,575,38.1605529785156
226,-155.814841666667,19.11375,14,2250,669.570617675781
227,-155.814727777778,19.1160972222222,14,1125,679.245178222656
228,-155.385557,19.494317,6.53770065307617,2250,2034.16088867188
229,-157.779529,21.349632,36.9587936401367,2400000,211.557464599609
230,-159.683902777778,22.1267555555556,22,4750000,937.666748046875
231,-154.872306,19.440743,22,227,52.2170104980469
232,-154.872306,19.440743,22,227,52.2170104980469
233,-154.872306,19.440743,22,227,52.2170104980469
234,-154.872306,19.440743,22,227,52.2170104980469
235,-154.872306,19.440743,22,227,52.2170104980469
236,-154.872306,19.440743,22,227,52.2170104980469
237,-154.872306,19.440743,22,227,52.2170104980469
238,-154.872306,19.440743,22,227,52.2170104980469
239,-154.872306,19.440743,22,227,52.2170104980469
240,-154.872306,19.440743,22,227,52.2170104980469
241,-154.868508,19.440783,22,227,49.7292213439941
242,-154.868508,19.440783,22,227,49.7292213439941
243,-154.868508,19.440783,22,227,49.7292213439941
244,-154.868508,19.440783,22,227,49.7292213439941
245,-154.868508,19.440783,22,227,49.7292213439941
246,-154.868508,19.440783,22,227,49.7292213439941
247,-154.868508,19.440783,22,227,49.7292213439941
248,-154.868508,19.440783,22,227,49.7292213439941
249,-154.868508,19.440783,22,227,49.7292213439941
250,-154.868508,19.440783,22,227,49.7292213439941
251,-154.905455,19.530393,18,177,104.844665527344
252,-154.905455,19.530393,18,177,104.844665527344
253,-154.905455,19.530393,18,177,104.844665527344
254,-154.905455,19.530393,18,177,104.844665527344
255,-154.905455,19.530393,18,177,104.844665527344
256,-154.905455,19.530393,18,177,104.844665527344
257,-154.884626,19.525996,18,575,82.8706283569336
258,-154.884626,19.525996,18,575,82.8706283569336
259,-154.884626,19.525996,18,575,82.8706283569336
260,-154.884626,19.525996,18,575,82.8706283569336
261,-154.884626,19.525996,18,575,82.8706283569336
262,-154.884626,19.525996,18,575,82.8706283569336
263,-154.884626,19.525996,18,575,82.8706283569336
264,-154.884626,19.525996,18,575,82.8706283569336
265,-154.884626,19.525996,18,575,82.8706283569336
266,-154.884626,19.525996,18,575,82.8706283569336
267,-154.905455,19.530393,18,177,104.844665527344
268,-154.905455,19.530393,18,177,104.844665527344
269,-154.905455,19.530393,18,177,104.844665527344
270,-154.905455,19.530393,18,177,104.844665527344
271,-154.905455,19.530393,18,177,104.844665527344
272,-154.873548,19.52276,18,300,90.0648956298828
273,-154.873548,19.52276,18,300,90.0648956298828
274,-154.873548,19.52276,18,300,90.0648956298828
275,-154.873548,19.52276,18,300,90.0648956298828
276,-154.873548,19.52276,18,300,90.0648956298828
277,-154.873548,19.52276,18,300,90.0648956298828
278,-154.873548,19.52276,18,300,90.0648956298828
279,-154.873548,19.52276,18,300,90.0648956298828
280,-154.873548,19.52276,18,300,90.0648956298828
281,-154.873548,19.52276,18,300,90.0648956298828
282,-159.479912,22.186576,18,4750000,304.609405517578
283,-154.99774,19.54567,32.3857917785645,1033.5,164.070114135742
284,-155.983333333333,19.7333333333333,33.2914123535156,2250,NA
285,-158.100992,21.413189,34,3010000,852.602905273438
286,-155.194924,19.905336,10,182000,554.407470703125
287,-159.626792,22.14813,18,4750000,1164.15979003906
288,-157.929437,21.533393,30.7042675018311,2400000,631.030334472656
289,-155.257481,19.694877,11,162,1037.54150390625
290,-155.329258,19.677957,11,162,1490.03576660156
291,-155.465774,19.687161,6.51815319061279,37500,2014.60729980469
292,-155.237235,19.414151,13.6326971054077,1033.5,1202.71130371094
293,-155.237542,19.413278,13.6326971054077,1033.5,1197.47351074219
294,-156.546013,20.947536,24.6160278320312,1200000,593.092163085938
295,-159.645938888889,22.061,20.2068519592285,3750000,361.400085449219
296,-158.016838,21.623398,28,2400000,211.629150390625
297,-158.18,21.5,33.8844604492188,NA,348.660034179688
298,-157.72,21.29,47.0230293273926,2400000,NA
299,-156.64,20.97,34.6939468383789,1200000,307.094360351562
300,-157.85,21.4,39.0085754394531,2400000,468.488342285156
301,-155.3,19.85,9,37500,1635.23779296875
302,-155.34,19.44,10,2250,1381.58239746094
303,-155.19,19.79,18,37500,807.5576171875
304,-159.72,22.07,18,4750000,591.66650390625
305,-155.78,19.19,12,2250,1518.908203125
306,-155.29,19.92,10,8000,1281.52355957031
307,-155.41,19.4,6,1125,1427.33203125
308,-159.65,22.13,22,4150000,1134.17541503906
309,-155.48,19.33,6,1125,1265.62976074219
310,-155.55,19.26,10,20500,1455.64794921875
311,-155.5,19.31,8.45357799530029,1125,1388.34777832031
312,-155.21,19.86,18,37500,870.439514160156
313,-155.5,19.37,6,1125,1959.35217285156
314,-157.95,21.5,31.3015689849854,2400000,396.974975585938
315,-155.89,19.69,12,4000,2009.27416992188
316,-155.24,19.71,11,20500,931.964294433594
317,-155.26,19.94,10,37500,845.650573730469
318,-155.23,19.91,10,182000,787.572692871094
319,-157.99,21.64,28,2400000,437.964630126953
320,-158.18,21.54,18,3305000,513.740600585938
321,-155.8,19.23,13,2250,1504.45593261719
322,-155.21,19.7,13.420238494873,4000,739.449340820312
323,-155.15,19.61,17,1125,580.537353515625
324,-155.8,19.2,12.8575372695923,91,1360.22729492188
325,-155.19,19.7,15,162,648.620178222656
326,-155.29,19.45,11,475,1236.40454101562
327,-159.69,22.1,22,4750000,914.679931640625
328,-155.16,19.69,22,8000,454.276672363281
329,-155.17,19.87,10.1373348236084,37500,481.936401367188
330,-155.19,19.66,9,8000,667.794189453125
331,-155.22,19.74,11,37500,904.15087890625
332,-155.34,19.68,11,162,1545.92956542969
333,-155.31,19.89,6,8000,1597.50256347656
334,-155.86,19.73,8.38144493103027,2250,1443.24597167969
335,-155.17,19.72,11,38000,529.772705078125
336,-155.45,19.36,6,1125,1356.29211425781
337,-159.68,22.06,22,4750000,825.62158203125
338,-158.06,21.56,46,NA,181.445510864258
339,-159.47,22.15,18,NA,113.564094543457
340,-155.75,20.21,18,380000,153.330459594727
341,-159.64,22.17,22,NA,229.933609008789
342,-158.11,21.45,31,NA,273.122680664062
343,-156.25,20.88,18,545000,468.967529296875
344,-157.83,21.36,42,2400000,430.844360351562
345,-156.57,20.98,18,1200000,429.236663818359
346,-155.1,19.43,34,1033.5,686.174682617188
347,-155.7,20.16,18,380000,678.31787109375
348,-156.23,20.85,18,95000,698.98095703125
349,-156.07,20.77,12,40000,800.018920898438
350,-156.12,20.79,12,545000,734.033569335938
351,-155.31,19.97,10,182000,860.051940917969
352,-155.18,19.52,14,8000,853.505310058594
353,-155.12,19.65,22.2419815063477,8000,303.816589355469
354,-155.11,19.8,22,182000,167.485961914062
355,-155.12,19.61,17,1125,421.415802001953
356,-156.02,20.76,18.2751846313477,475,322.288421630859
357,-156,20.72,16,21500,80.5742797851562
358,-156.02,20.69,16,460000,180.695251464844
359,-157.99,21.52,37.6845016479492,2400000,395.730712890625
360,-155.83,19.77,12,103000,1104.55895996094
361,-155.61,19.18,10,20500,1206.57678222656
362,-156.1,20.74,12,9000,1652.78625488281
363,-155.21,19.45,28,575,1003.38500976562
364,-156.21,20.8,12,545000,1250.09436035156
365,-156.16,20.75,17,545000,1874.66027832031
366,-155.64,19.18,10,1125,1482.75988769531
367,-155.59,19.14,10,4000,668.403747558594
368,-155.27,19.63,7,4000,1218.45874023438
369,-155.21,19.57,16.9824485778809,1125,962.058044433594
370,-155.54,19.25,10,20500,1309.95202636719
371,-155.83,19.27,13,67,1270.21472167969
372,-155.63,20.11,18,380000,751.026123046875
373,-155.57,19.23,10,2250,1301.45275878906
374,-157.94,21.62,35.0497169494629,2400000,196.452041625977
375,-155.26,20,15.1785736083984,182000,145.035720825195
376,-158.01,21.68,32.2363014221191,2400000,137.270477294922
377,-156.53,20.98,20.3292045593262,1200000,114.792419433594
378,-156.62,21,31,1650000,174.544830322266
379,-154.88,19.55,18.2555809020996,177,43.1524696350098
380,-155,19.7,31,1125,16.2149887084961
381,-154.87,19.44,22,227,46.8477935791016
382,-154.9,19.48,22,227,198.721862792969
383,-155.03,19.61,35,8000,98.6551666259766
384,-155.02,19.71,33.8085899353027,1125,24.2884368896484
385,-154.97,19.57,34.1802978515625,1033.5,74.9787368774414
386,-155.09,19.63,22,1125,261.051635742188
387,-154.94,19.48,22,575,243.482055664062
388,-156.04,20.72,12,9000,707.687255859375
389,-155.65,20.04,37.8637847900391,190000,1013.46997070312
390,-155.29,19.79,14,37500,1566.353515625
391,-155.72,20.08,18,380000,1563.67602539062
392,-155.29,19.55,25,1125,1502.24230957031
393,-155.27,19.83,14,37500,1400.38842773438
394,-155.27,19.49,14,8000,1325.48547363281
395,-155.29,19.83,13.9233064651489,37500,1553.06359863281
396,-155.64,19.14,10,4000,1167.67309570312
397,-155.26,19.76,8.33412456512451,37500,1198.90600585938
398,-155.24,19.46,24,8000,1143.47595214844
399,-155.31,19.67,7.57338428497314,475,1393.65246582031
400,-155.83,19.4,13,2250,1154.86096191406
401,-155.66,20.08,21,380000,NA
402,-155.67,19.15,10,2250,1359.259765625
403,-155.22,19.41,13.9250659942627,1033.5,1112.38098144531
404,-155.59,19.15,10,4000,730.349182128906
405,-155.29,19.67,7,2250,1280.00927734375
406,-155.27,19.87,6.1373348236084,8000,1355.53063964844
407,-156.16,20.79,12,545000,939.190002441406
408,-155.29,19.71,10.8943157196045,4000,1231.36791992188
409,-159.62,22.14,18,4150000,1127.94421386719
410,-155.23,19.68,7,162,864.452026367188
411,-155.27,19.92,10,182000,1097.99157714844
412,-155.23,19.54,12.2036924362183,1125,1116.96618652344
413,-155.61,20.05,34.5370903015137,190000,870.4990234375
414,-155.17,19.54,26.7351951599121,1125,793.097900390625
415,-155.53,19.21,10,8000,798.7060546875
416,-155.89,19.58,22.2973899841309,710,1033.45776367188
417,-155.83,19.44,13,1125,1193.71533203125
418,-155.5,19.24,10,20500,822.438049316406
419,-155.75,20.18,18,190000,516.465393066406
420,-155.02,19.46,18,575,438.743438720703
421,-155.63,19.1,10,4000,794.913208007812
422,-155.12,19.59,17,1125,469.769348144531
423,-155.86,19.47,16.1472015380859,2250,984.084289550781
424,-155.22,19.48,20.922664642334,8000,1083.61328125
425,-155.15,19.44,19.0107192993164,1033.5,810.728942871094
426,-155.95,19.7,31.1401691436768,2250,865.174255371094
427,-155.22,19.61,7,8000,928.487365722656
428,-155.68,19.11,10,2250,1038.48364257812
429,-155.85,19.42,13.3740148544312,4000,850.503112792969
430,-155.05,19.54,24,575,295.917602539062
431,-155.26,19.58,11,475,1250.10888671875
432,-155.23,19.41,13.9250659942627,1033.5,1160.94396972656
433,-155.27,19.7,11,4000,1116.8125
434,-154.96,19.44,22,1125,397.36181640625
435,-155.35,19.98,10,37500,959.091613769531
436,-155.14,19.76,20.1945686340332,182000,416.246612548828
437,-157.79,21.37,42,6e+05,217.654327392578
438,-158.03,21.6,28,2400000,301.335632324219
439,-156.3,20.89,38,545000,334.595886230469
440,-158.01,21.43,52.0882415771484,NA,120.262565612793
441,-155.07,19.72,42,1125,8.71602439880371
442,-156.88,20.82,22.5930576324463,1380000,896.478698730469
443,-155.87,19.11,11,475,221.601135253906
444,-155.2,19.95,13.6640853881836,182000,NA
445,-155.46,19.27,14,20500,NA
446,-155.45,20.04,16.8137683868408,182000,NA
447,-155.12,19.77,32.587085723877,182000,NA
448,-155.38,20.02,10,37500,NA
449,-155.46,19.99,10,182000,NA
450,-155.83,19.64,8,2250,1749.55969238281
451,-154.96,19.4,22,300,186.419799804688
452,-156.31,20.69,18,9000,2127.47729492188
453,-155.83,19.8,16.1842288970947,2250,796.826293945312
454,-159.7,22.02,22.0462074279785,4750000,390.989349365234
455,-155.39,19.35,13.5918893814087,1125,874.465576171875
456,-158.01,21.55,37.6428489685059,2400000,379.284637451172
457,-158.09,21.39,47.2995567321777,3010000,566.257690429688
458,-155.43,19.33,12.2775344848633,1125,927.57763671875
459,-156.64,20.91,34,1650000,528.693115234375
460,-159.38,22.06,38.6109733581543,2e+06,100.895462036133
461,-157.84,21.48,41.5739440917969,NA,1.02843248844147
462,-159.54,22.21,32.8722991943359,NA,40.315242767334
463,-155.23,19.38,17,300,1039.99987792969
464,-158.23,21.5,36.7341918945312,NA,3.20760035514832
465,-155.5,19.14,14,2250,NA
466,-156.62,20.87,28.0709533691406,1650000,NA
467,-155.59,19.02,10,4000,49.9099311828613
468,-157.96,21.43,50.1791801452637,2400000,119.382476806641
469,-155.68,19.62,6,158,2009.1962890625
470,-155.08,19.64,23.7068214416504,1125,208.744964599609
471,-155.11,19.69,34.1054229736328,1125,163.620513916016
472,-155.85,19.23,13,2250,877.546691894531
473,-155.8,19.09,14,1125,557.058349609375
474,-155.01,19.45,18,1033.5,445.066558837891
475,-155.41,19.66,6,2250,1876.35412597656
476,-155.83,19.55,13.7516078948975,2250,1350.81188964844
477,-154.86,19.52,18,227,69.2968063354492
478,-155.63,19.23,7.85002660751343,475,1877.771484375
479,-155.34,19.55,8.22800731658936,475,NA
480,-159.48,22.03,18,2e+06,344.115539550781
481,-155.45,19.38,6,1125,1541.64392089844
482,-155.81,19.77,12,2250,1089.63037109375
483,-155.32,19.5,9.05122089385986,8000,1580.3896484375
484,-155.11,19.49,24,1033.5,572.958251953125
485,-155.26,19.38,17,575,1079.43884277344
486,-155.68,20.12,18,380000,1106.01708984375
487,-155.31,19.47,7,475,1424.7099609375
488,-155.92,19.65,16.0968036651611,20500,936.926330566406
489,-155.91,19.74,12,4000,1259.74548339844
490,-155.39,19.68,10,82,1788.19262695312
491,-155.81,19.72,8.70813274383545,2250,1399.82397460938
492,-155.05,19.49,18,1033.5,407.977508544922
493,-155.52,19.33,6,1125,1952.64465332031
494,-155.25,19.32,10,2250,790.95068359375
495,-155.81,19.47,12.5782871246338,1125,1448.43408203125
496,-154.94,19.4,22,300,91.3482894897461
497,-155.79,20.17,21.7346649169922,190000,717.0283203125
498,-155.38,19.3,10,98,722.194519042969
499,-155.79,19.17,11.1871566772461,475,1333.17553710938
500,-155.81,19.14,10,475,880.519958496094
501,-155.86,19.6,12,710,1304.30505371094
502,-155.83,19.19,13,2250,NA
503,-155.93,19.66,24.7707595825195,20500,875.942626953125
504,-155.7,19.17,6,101,1594.37890625
505,-155.79,19.11,24,1125,747.111145019531
506,-155.32,19.76,7,37500,1656.650390625
507,-155.25,19.96,10,182000,519.182678222656
508,-155.83,19.52,15.5556182861328,475,1352.65954589844
509,-155.39,19.61,10,2250,1948.27453613281
510,-155.13,19.53,28,20500,599.666564941406
511,-155.47,19.4,6,1125,NA
512,-155.56,19.81,6,37500,2661.59985351562
513,-155.75,19.53,8,2250,1881.31896972656
514,-155.55,19.8,6,37500,2626.49267578125
515,-156.12,20.82,16,545000,280.170379638672
516,-155.89,19.45,17,1125,228.823135375977
517,-155.96,19.61,38,8000,165.636642456055
518,-155.95,19.54,27.9914398193359,8000,135.468902587891
519,-156.85,20.87,21,NA,NA
520,-158.12,21.36,44.7552375793457,3305000,196.852493286133
521,-159.43,22.01,22,2e+06,272.428680419922
522,-157.98,21.47,38,2400000,272.854248046875
523,-159.33,22.14,30.0719738006592,2e+06,94.3225555419922
524,-158.14,21.54,18,3305000,274.325164794922
525,-156.93,20.85,37,1380000,543.121398925781
526,-155.44,19.31,12.4138813018799,1125,812.257202148438
527,-155.84,19.1,10,1125,396.875030517578
528,-155.54,19.13,14,4000,126.507476806641
529,-155.94,19.53,34.9145622253418,8000,219.403533935547
530,-155.64,19.02,14,4000,292.162048339844
531,-155.92,19.54,37.4922866821289,20500,548.989074707031
532,-155.73,20.02,21.4796562194824,182000,599.619567871094
533,-155.62,19.81,18,37500,NA
534,-155.7,19.66,5.45349550247192,4000,1673.50537109375
