"PlotID","lon","lat","evapotrans_annual_mm","avbl_energy_annual_wm2","cloud_freq_annual","ndvi_annual","rain_annual_mm","avg_temp_annual_c"
1,-157.88,21.406,818.353576660156,128.224502563477,0.59064131975174,0.720666587352753,2973.03491210938,19.9086894989014
2,-154.91,19.444,934.112915039062,130.802200317383,0.616846203804016,0.702583312988281,2904.5458984375,22.2522296905518
3,-154.91,19.444,934.112915039062,130.802200317383,0.616846203804016,0.702583312988281,2904.5458984375,22.2522296905518
4,-154.91,19.444,934.112915039062,130.802200317383,0.616846203804016,0.702583312988281,2904.5458984375,22.2522296905518
5,-154.91,19.444,934.112915039062,130.802200317383,0.616846203804016,0.702583312988281,2904.5458984375,22.2522296905518
6,-154.91,19.444,934.112915039062,130.802200317383,0.616846203804016,0.702583312988281,2904.5458984375,22.2522296905518
7,-154.91,19.444,934.112915039062,130.802200317383,0.616846203804016,0.702583312988281,2904.5458984375,22.2522296905518
8,-154.91,19.444,934.112915039062,130.802200317383,0.616846203804016,0.702583312988281,2904.5458984375,22.2522296905518
9,-154.91,19.444,934.112915039062,130.802200317383,0.616846203804016,0.702583312988281,2904.5458984375,22.2522296905518
10,-154.91,19.444,934.112915039062,130.802200317383,0.616846203804016,0.702583312988281,2904.5458984375,22.2522296905518
11,-154.91,19.444,934.112915039062,130.802200317383,0.616846203804016,0.702583312988281,2904.5458984375,22.2522296905518
12,-154.91,19.444,934.112915039062,130.802200317383,0.616846203804016,0.702583312988281,2904.5458984375,22.2522296905518
13,-154.91,19.444,934.112915039062,130.802200317383,0.616846203804016,0.702583312988281,2904.5458984375,22.2522296905518
14,-154.91,19.444,934.112915039062,130.802200317383,0.616846203804016,0.702583312988281,2904.5458984375,22.2522296905518
15,-156.229,20.78,697.094787597656,122.785301208496,0.478403896093369,0.693666696548462,2360.45703125,11.1943397521973
16,-155.185,19.327,860.276306152344,142.215896606445,0.50030791759491,0.33366671204567,2226.8330078125,18.605489730835
17,-155.183,19.327,864.7958984375,141.989196777344,0.502013385295868,0.449000000953674,2240.26000976562,18.6147594451904
18,-155.252,19.403,866.350830078125,145.436706542969,0.477133214473724,0.639833271503448,2239.17895507812,16.0411701202393
19,-156.135,20.708,847.911376953125,149.755905151367,0.37369430065155,0.602249979972839,3745.3349609375,8.39164543151855
20,-156.088,20.69,715.099792480469,119.32039642334,0.575630784034729,0.696166574954987,6459.634765625,16.4626998901367
21,-156.114,20.732,915.611511230469,129.559906005859,0.463931292295456,0.654333412647247,6969.0068359375,9.64682960510254
22,-156.114,20.707,802.527770996094,129.768402099609,0.474096894264221,0.68624997138977,5556.26123046875,12.4326400756836
23,-156.113,20.706,802.527770996094,129.768402099609,0.474096894264221,0.68624997138977,5556.26123046875,12.4326400756836
24,-156.096,20.696,747.786682128906,118.829002380371,0.553500413894653,0.69433331489563,6673.84423828125,15.3842897415161
25,-156.09,20.692,741.544372558594,122.16300201416,0.5803142786026,0.697583317756653,6725.9638671875,16.0618591308594
26,-156.105,20.706,778.581420898438,125.595596313477,0.518535912036896,0.684833288192749,6651.962890625,13.0960597991943
27,-156.123,20.713,790.9072265625,134.646606445312,0.423906803131104,0.657916724681854,4923.6767578125,11.5814895629883
28,-156.111,20.693,889.465270996094,136.709106445312,0.472950398921967,0.685083329677582,4913.0791015625,12.1698799133301
29,-156.092,20.683,942.578125,134.521606445312,0.549184679985046,0.702416718006134,5594.240234375,15.0752201080322
30,-156.092,20.681,944.807678222656,137.318298339844,0.543569028377533,0.710166692733765,5293.9228515625,15.60964012146
31,-156.107,20.714,771.397094726562,124.630500793457,0.503169000148773,0.694750010967255,6899.72021484375,13.5262699127197
32,-156.099,20.714,713.764526367188,122.390502929688,0.545662581920624,0.715749979019165,8061.92919921875,14.5122203826904
33,-156.099,20.713,713.764526367188,122.390502929688,0.545662581920624,0.715749979019165,8061.92919921875,14.5122203826904
34,-156.081,20.689,953.181213378906,120.593399047852,0.606607675552368,0.740666687488556,5973.794921875,16.846019744873
35,-156.084,20.69,761.751281738281,123.945899963379,0.594556212425232,0.722416698932648,6440.64306640625,16.5652408599854
36,-156.112,20.695,874.659729003906,136.273498535156,0.476362287998199,0.686416685581207,5055.421875,11.8881597518921
37,-156.082,20.689,807.791625976562,124.228698730469,0.598236680030823,0.731666684150696,6074.6767578125,16.8688907623291
38,-156.093,20.685,941.278869628906,133.268707275391,0.544535517692566,0.687333285808563,5819.115234375,14.4929599761963
39,-156.1,20.717,753.026306152344,122.824203491211,0.529732823371887,0.727249979972839,8244.34375,14.1978101730347
40,-156.1,20.716,718.455627441406,123.714797973633,0.532702505588531,0.727083325386047,8024.34912109375,14.2527198791504
41,-156.11,20.692,882.135009765625,135.285095214844,0.483523488044739,0.680000007152557,5143.3359375,12.3294496536255
42,-156.099,20.711,713.662414550781,122.797401428223,0.548063516616821,0.696666717529297,7840.98486328125,14.6316404342651
43,-156.101,20.718,753.026306152344,122.824203491211,0.529732823371887,0.727249979972839,8244.34375,14.1978101730347
44,-156.081,20.682,835.701477050781,129.807205200195,0.588841319084167,0.729583323001862,4854.38818359375,17.6366596221924
45,-156.09,20.706,697.015625,118.393997192383,0.592437386512756,0.71616667509079,8065.5068359375,15.664589881897
46,-156.109,20.706,776.65771484375,125.047500610352,0.496520191431046,0.687166690826416,6095.94189453125,12.6794996261597
47,-156.104,20.711,768.356628417969,124.585800170898,0.516146898269653,0.671500027179718,7023.07177734375,13.7818899154663
48,-156.095,20.729,736.305480957031,117.387496948242,0.535519421100616,0.630916714668274,9814.748046875,11.2525796890259
49,-156.1,20.699,759.695373535156,120.296699523926,0.53813898563385,0.672500014305115,6618.0732421875,14.2032403945923
50,-157.743,21.317,838.479187011719,111.600402832031,0.666629672050476,0.687250018119812,1924.2919921875,20.3708992004395
51,-155.411,19.49,535.134887695312,160.427093505859,0.303798913955688,0.170416697859764,1221.22399902344,9.34930896759033
52,-155.546,19.311,561.027221679688,127.464302062988,0.404236495494843,0.416999995708466,1914.44201660156,10.4791603088379
53,-155.554,19.342,570.706787109375,149.585098266602,0.320971012115479,0.218416705727577,1513.80700683594,9.02360725402832
54,-155.742,19.406,384.249206542969,137.132797241211,0.403128385543823,0.332333296537399,702.562377929688,9.73029518127441
55,-155.407,19.485,560.458801269531,155.913299560547,0.316623896360397,0.314916700124741,1333.67700195312,9.58113193511963
56,-155.392,19.49,633.697998046875,157.144302368164,0.327619105577469,0.363999992609024,1566.40295410156,10.1354303359985
57,-155.551,19.332,567.360412597656,142.230804443359,0.345783799886703,0.31933331489563,1665.50598144531,9.43218421936035
58,-155.556,19.298,585.869384765625,133.366592407227,0.41286888718605,0.489499986171722,2014.03894042969,10.5797395706177
59,-155.574,19.296,595.115173339844,137.415893554688,0.367799997329712,0.395333290100098,1907.42199707031,9.81802463531494
60,-155.561,19.302,565.242004394531,131.802398681641,0.388130813837051,0.433499991893768,1920.46594238281,10.203709602356
61,-155.601,19.267,621.010070800781,133.41130065918,0.393631905317307,0.463750004768372,2012.45397949219,10.6715097427368
62,-155.527,19.329,544.1259765625,131.364501953125,0.42041340470314,0.472333312034607,1916.00598144531,10.5757999420166
63,-155.555,19.349,538.87548828125,154.764892578125,0.305286705493927,0.111083298921585,1409.72705078125,8.79903507232666
64,-155.404,19.513,534.455871582031,164.021194458008,0.284039586782455,0.181083306670189,1187.14599609375,8.97434425354004
65,-155.74,19.394,369.251586914062,141.140701293945,0.388327598571777,0.309333294630051,723.495727539062,9.5621976852417
66,-155.552,19.327,560.110412597656,139.763397216797,0.354844093322754,0.318166702985764,1714.2939453125,9.55464267730713
67,-155.583,19.275,607.780212402344,135.675003051758,0.409195601940155,0.461583286523819,2076.40600585938,10.6994104385376
68,-155.565,19.31,554.723815917969,138.62060546875,0.359950214624405,0.369166702032089,1805.03198242188,9.72579860687256
69,-155.56,19.308,570.307006835938,135.637298583984,0.372096389532089,0.408499985933304,1837.97900390625,9.85020446777344
70,-155.554,19.338,575.39892578125,146.896102905273,0.328464210033417,0.28575000166893,1568.04296875,9.18495845794678
71,-155.592,19.255,599.742126464844,121.802597045898,0.467580199241638,0.627416670322418,2178.68994140625,11.5800800323486
72,-155.684,19.143,681.529907226562,120.225601196289,0.492782413959503,0.562083303928375,1517.97204589844,15.0296497344971
73,-155.68,19.122,654.274475097656,116.292503356934,0.51560240983963,0.675000011920929,1521.8759765625,16.0403003692627
74,-155.679,19.104,713.498901367188,118.239402770996,0.521318018436432,0.653833329677582,1499.68994140625,17.0225791931152
75,-155.681,19.124,706.698608398438,117.786499023438,0.511304795742035,0.6618332862854,1501.84301757812,15.9011497497559
76,-155.68,19.108,738.624572753906,117.749900817871,0.519899427890778,0.662999987602234,1504.63195800781,16.7392807006836
77,-155.682,19.133,673.026977539062,118.260902404785,0.505057990550995,0.633083283901215,1519.97497558594,15.5277900695801
78,-155.58,19.266,598.387512207031,122.638999938965,0.455633193254471,0.578666687011719,2188.8310546875,11.4769496917725
79,-155.604,19.245,600.978393554688,118.005599975586,0.46176078915596,0.549916684627533,2178.19799804688,11.604229927063
80,-155.664,19.191,680.707214355469,128.238800048828,0.44674950838089,0.602333307266235,2116.85400390625,12.8348197937012
81,-155.608,19.24,624.753723144531,122.723999023438,0.477834492921829,0.583500027656555,2226.5009765625,11.8248796463013
82,-155.6,19.252,606.048706054688,128.56640625,0.450090408325195,0.519166588783264,2139.580078125,11.3035001754761
83,-155.609,19.245,424.270904541016,130.875396728516,0.448360711336136,0.509666681289673,2156.47705078125,11.4896001815796
84,-155.662,19.193,713.107788085938,134.800003051758,0.452676713466644,0.609416723251343,2164.8310546875,12.8565902709961
85,-155.678,19.106,733.993591308594,117.126800537109,0.523343622684479,0.670750021934509,1530.49194335938,16.9057693481445
86,-155.671,19.097,717.728393554688,113.555198669434,0.534108221530914,0.641250014305115,1600.90600585938,17.4958305358887
87,-155.684,19.12,660.090087890625,117.884399414062,0.51056557893753,0.675583302974701,1471.67700195312,16.1917705535889
88,-155.686,19.143,678.868530273438,120.930702209473,0.489267498254776,0.566583275794983,1495.33898925781,14.9720697402954
89,-155.686,19.14,683.412719726562,120.708198547363,0.491805493831635,0.599833428859711,1490.59802246094,15.1050300598145
90,-155.686,19.134,700.397094726562,119.613296508789,0.498421192169189,0.640666723251343,1475.21801757812,15.4111700057983
91,-155.675,19.097,692.357482910156,111.537696838379,0.52901017665863,0.625666677951813,1545.54602050781,17.4451103210449
92,-155.684,19.117,682.747985839844,118.330101013184,0.511544823646545,0.667500019073486,1467.458984375,16.2960395812988
93,-155.606,19.243,581.302429199219,117.146697998047,0.469216585159302,0.550999999046326,2197.5400390625,11.7152500152588
94,-155.677,19.122,731.656921386719,117.205703735352,0.518712103366852,0.674666583538055,1545.97900390625,16.1341991424561
95,-155.578,19.269,589.691528320312,122.762496948242,0.452882200479507,0.536166727542877,2194.92797851562,11.4006700515747
96,-155.564,19.281,583.970825195312,127.970199584961,0.435418009757996,0.586499989032745,2185.60888671875,11.0246801376343
97,-155.66,19.193,705.627685546875,126.311500549316,0.458634287118912,0.617999970912933,2211.39208984375,12.904109954834
98,-155.684,19.151,661.396423339844,112.092002868652,0.48116660118103,0.524500012397766,1538.04699707031,14.5310297012329
99,-155.681,19.126,694.291198730469,117.452903747559,0.509961307048798,0.652333319187164,1505.86901855469,15.869930267334
100,-155.68,19.113,717.694580078125,117.15470123291,0.518757224082947,0.682583272457123,1509.84301757812,16.5529003143311
101,-155.224,19.376,889.502014160156,150.149993896484,0.470851510763168,0.647000014781952,2550.79907226562,16.5951499938965
102,-155.227,19.382,890.668212890625,149.70280456543,0.47087350487709,0.664250016212463,2556.80200195312,16.3931903839111
103,-155.168,19.359,941.779174804688,134.213897705078,0.530856907367706,0.503000020980835,3075.06103515625,17.5769290924072
104,-155.118,19.354,733.132385253906,124.20760345459,0.597443282604218,0.246916696429253,2888.333984375,18.6396903991699
105,-155.14,19.37,840.028015136719,131.779403686523,0.575013875961304,0.60408341884613,3481.47412109375,17.9553909301758
106,-155.154,19.353,864.914184570312,136.27619934082,0.540416777133942,0.644999980926514,2969.85693359375,17.912239074707
107,-155.155,19.359,876.910583496094,137.065200805664,0.542183220386505,0.675416588783264,3139.8369140625,17.6855392456055
108,-155.143,19.352,854.063171386719,135.656005859375,0.549444377422333,0.598166584968567,2888.15405273438,18.2030391693115
109,-155.14,19.337,634.99560546875,134.121002197266,0.542253911495209,0.516916692256927,2522.52099609375,18.702600479126
110,-155.218,19.378,927.693176269531,145.314300537109,0.480796098709106,0.660583317279816,2734.35595703125,16.5727500915527
111,-155.123,19.373,898.408630371094,126.276901245117,0.603158712387085,0.277249991893768,3476.2548828125,18.2925300598145
112,-155.233,19.398,914.980712890625,141.829498291016,0.482124507427216,0.685249984264374,2566.962890625,15.8926095962524
113,-155.163,19.353,871.5087890625,138.298004150391,0.530053317546844,0.558333277702332,2932.20190429688,17.8270092010498
114,-155.117,19.351,745.213623046875,125.042098999023,0.594741225242615,0.293583303689957,2824.31494140625,18.6738700866699
115,-155.139,19.345,849.517517089844,135.986602783203,0.549775421619415,0.605083286762238,2713.30810546875,18.4074192047119
116,-155.12,19.345,786.013427734375,130.42170715332,0.582296907901764,0.45316669344902,2657.13793945312,18.7733192443848
117,-155.229,19.385,890.596923828125,148.934097290039,0.471759706735611,0.665833413600922,2546.13500976562,16.2012596130371
118,-155.12,19.36,774.587585449219,123.539703369141,0.600893020629883,0.237416699528694,3099.15698242188,18.4990100860596
119,-155.158,19.363,871.626770019531,136.389999389648,0.544325590133667,0.658500015735626,3324.74096679688,17.5825805664062
120,-155.125,19.374,838.395324707031,126.986198425293,0.601108193397522,0.318916708230972,3554.30590820312,18.1776790618896
121,-155.131,19.351,841.584228515625,132.137496948242,0.570820987224579,0.546916723251343,2862.23608398438,18.4671096801758
122,-155.255,19.499,775.390319824219,126.957496643066,0.535894274711609,0.732333421707153,3063.15600585938,14.7953395843506
123,-155.23,19.469,792.708923339844,127.000701904297,0.551932513713837,0.710333287715912,3659.92504882812,15.5976896286011
124,-155.214,19.478,1014.166015625,119.530799865723,0.577850699424744,0.716750025749207,4718.32080078125,15.9776096343994
125,-155.236,19.518,739.226623535156,120.25170135498,0.572860419750214,0.672333419322968,4293.6650390625,15.3120603561401
126,-155.264,19.498,785.619384765625,129.1708984375,0.52358889579773,0.735000014305115,2827.78295898438,14.522970199585
127,-155.263,19.494,792.093994140625,131.065505981445,0.520324528217316,0.723999977111816,2806.34790039062,14.5506801605225
128,-155.248,19.502,779.665405273438,126.454399108887,0.548050880432129,0.704916715621948,3343.57299804688,14.9592599868774
129,-155.267,19.497,790.513793945312,130.301406860352,0.517115116119385,0.735666692256927,2736.162109375,14.3990201950073
130,-155.252,19.494,777.972717285156,128.453201293945,0.535641312599182,0.720416724681854,3097.6259765625,14.9709901809692
131,-155.25,19.475,827.034912109375,130.006805419922,0.527340173721313,0.713083326816559,3037.73901367188,15.1381998062134
132,-155.251,19.478,809.377380371094,132.146697998047,0.525648772716522,0.713500022888184,2996.76806640625,15.1071701049805
133,-155.223,19.485,824.039916992188,122.332298278809,0.569202423095703,0.68666672706604,4320.296875,15.5568399429321
134,-155.268,19.497,790.513793945312,130.301406860352,0.517115116119385,0.735666692256927,2736.162109375,14.3990201950073
135,-155.232,19.512,744.757873535156,124.720802307129,0.574109315872192,0.659916579723358,4444.1669921875,15.4209699630737
136,-155.233,19.477,782.080993652344,127.80549621582,0.549830377101898,0.719916701316833,3573.68896484375,15.484169960022
137,-155.248,19.471,808.934326171875,130.056793212891,0.52818638086319,0.729666709899902,3069.85595703125,15.3158502578735
138,-155.256,19.506,777.320617675781,129.3583984375,0.539448797702789,0.721000015735626,3066.25,14.6755504608154
139,-155.239,19.515,739.808471679688,122.681297302246,0.568589985370636,0.681166589260101,4073.55200195312,15.2286901473999
140,-155.248,19.511,763.296691894531,125.078796386719,0.55429208278656,0.693333327770233,3467.22705078125,14.8860197067261
141,-158.097,21.418,947.503112792969,120.332702636719,0.500150084495544,0.615833282470703,1171.34399414062,18.0235805511475
142,-156.277,20.827,1233.46704101562,146.492797851562,0.426101088523865,0.758000016212463,3018.02807617188,17.7121295928955
143,-158.194,21.537,901.703674316406,137.677307128906,0.483621507883072,0.649333417415619,1384.77099609375,19.2838306427002
144,-156.908,21.146,813.846984863281,128.116592407227,0.553587794303894,0.675000011920929,2596.75610351562,16.054500579834
145,-156.908,21.141,785.837890625,125.698699951172,0.547238528728485,0.685083329677582,2671.57690429688,15.9869298934937
146,-156.906,21.149,700.105773925781,125.736602783203,0.558659493923187,0.634500026702881,2499.09301757812,16.4123992919922
147,-156.909,21.124,855.018981933594,128.267593383789,0.507467091083527,0.702166676521301,2958.74291992188,15.7680997848511
148,-156.903,21.146,785.487670898438,127.447898864746,0.563064575195312,0.671249985694885,2559.10693359375,16.1174392700195
149,-156.91,21.141,787.792297363281,125.562797546387,0.542340874671936,0.671916723251343,2679.712890625,15.9549999237061
150,-156.901,21.143,809.1591796875,126.286796569824,0.566286683082581,0.676416575908661,2571.23095703125,15.6021099090576
151,-156.915,21.156,846.330505371094,132.126602172852,0.536020517349243,0.60566657781601,2407.93603515625,17.1576099395752
152,-156.91,21.131,735.498107910156,115.619300842285,0.51889431476593,0.666750013828278,2810.30590820312,15.8805198669434
153,-156.916,21.158,827.123107910156,133.127304077148,0.528844475746155,0.577166676521301,2359.54907226562,17.2088298797607
154,-156.906,21.136,803.577392578125,124.707702636719,0.542382776737213,0.689000010490417,2734.93798828125,15.5031204223633
155,-156.908,21.123,887.820678710938,130.218307495117,0.501463770866394,0.685500025749207,2989.37109375,15.3168201446533
156,-156.904,21.139,795.653381347656,124.469703674316,0.553483128547668,0.683166682720184,2672.05810546875,15.4432201385498
157,-156.908,21.131,825.498413085938,126.106597900391,0.524676382541656,0.660333275794983,2827.96606445312,15.5791301727295
158,-156.908,21.145,813.846984863281,128.116592407227,0.553587794303894,0.675000011920929,2596.75610351562,16.054500579834
159,-156.907,21.137,806.813598632812,124.793197631836,0.536641478538513,0.690249979496002,2740.21997070312,15.9927701950073
160,-156.904,21.135,793.664611816406,124.079696655273,0.548437774181366,0.683000028133392,2713.90893554688,15.524040222168
161,-156.907,21.143,805.528625488281,126.380401611328,0.551066219806671,0.683916687965393,2629.85498046875,16.011510848999
162,-156.908,21.144,813.846984863281,128.116592407227,0.553587794303894,0.675000011920929,2596.75610351562,16.054500579834
163,-156.9,21.131,813.456481933594,123.23860168457,0.54416161775589,0.662249982357025,2782.43408203125,15.1596403121948
164,-156.904,21.144,785.487670898438,127.447898864746,0.563064575195312,0.671249985694885,2559.10693359375,16.1174392700195
165,-156.899,21.138,773.746520996094,123.635696411133,0.56544029712677,0.666416585445404,2621.11303710938,15.306170463562
166,-156.903,21.142,810.341369628906,126.704002380371,0.56103652715683,0.683499991893768,2597.5439453125,15.6808996200562
167,-156.905,21.137,803.577392578125,124.707702636719,0.542382776737213,0.689000010490417,2734.93798828125,15.5031204223633
168,-156.911,21.154,803.502014160156,136.860000610352,0.545858979225159,0.643166720867157,2429.998046875,16.9017906188965
169,-156.906,21.146,806.620483398438,128.758102416992,0.558230817317963,0.673250019550323,2581.84204101562,15.9673900604248
170,-156.912,21.151,836.450073242188,133.917999267578,0.545363187789917,0.656000018119812,2501.55590820312,16.6131801605225
171,-156.907,21.136,806.813598632812,124.793197631836,0.536641478538513,0.690249979496002,2740.21997070312,15.9927701950073
172,-156.907,21.127,857.3828125,126.751899719238,0.51323527097702,0.682166576385498,2915.26391601562,15.8999996185303
173,-158.223,21.547,727.556884765625,142.276596069336,0.435699909925461,0.606333315372467,1046.48706054688,21.1936893463135
174,-156.93,21.117,881.732604980469,139.933898925781,0.441652089357376,0.653750002384186,2137.82495117188,17.2777996063232
175,-156.93,21.119,881.732604980469,139.933898925781,0.441652089357376,0.653750002384186,2137.82495117188,17.2777996063232
176,-156.959,21.113,1146.61804199219,141.024505615234,0.421150714159012,0.567416727542877,1505.38598632812,19.5113105773926
177,-156.339,20.62,381.92919921875,129.738693237305,0.452760607004166,0.581083416938782,649.819519042969,19.5684509277344
178,-156.977,20.876,539.805908203125,144.491806030273,0.454697787761688,0.558416724205017,655.501403808594,20.4038791656494
179,-156.967,20.873,505.625396728516,136.518707275391,0.466255307197571,0.423249989748001,665.703674316406,20.45924949646
180,-156.988,20.878,537.716369628906,142.330505371094,0.440665900707245,0.479166686534882,632.893798828125,20.3787403106689
181,-155.457,19.332,657.2333984375,125.545799255371,0.529841005802155,0.714749991893768,2140.61889648438,16.2849407196045
182,-155.936,19.768,405.692504882812,93.1398773193359,0.511348605155945,0.309916704893112,721.463684082031,19.5532093048096
183,-155.045,19.704,1212.69201660156,141.176803588867,0.640891492366791,0.73116672039032,3347.41796875,22.6821594238281
184,-155.045,19.704,1212.69201660156,141.176803588867,0.640891492366791,0.73116672039032,3347.41796875,22.6821594238281
185,-155.045,19.704,1212.69201660156,141.176803588867,0.640891492366791,0.73116672039032,3347.41796875,22.6821594238281
186,-155.045,19.704,1212.69201660156,141.176803588867,0.640891492366791,0.73116672039032,3347.41796875,22.6821594238281
187,-155.045,19.704,1212.69201660156,141.176803588867,0.640891492366791,0.73116672039032,3347.41796875,22.6821594238281
188,-155.045,19.704,1212.69201660156,141.176803588867,0.640891492366791,0.73116672039032,3347.41796875,22.6821594238281
189,-155.045,19.704,1212.69201660156,141.176803588867,0.640891492366791,0.73116672039032,3347.41796875,22.6821594238281
190,-155.045,19.704,1212.69201660156,141.176803588867,0.640891492366791,0.73116672039032,3347.41796875,22.6821594238281
191,-155.045,19.704,1212.69201660156,141.176803588867,0.640891492366791,0.73116672039032,3347.41796875,22.6821594238281
192,-155.045,19.704,1212.69201660156,141.176803588867,0.640891492366791,0.73116672039032,3347.41796875,22.6821594238281
193,-155.704,20.057,955.4365234375,122.986297607422,0.46479868888855,0.660083293914795,2231.01000976562,15.5268096923828
194,-159.66,22.131,829.907104492188,136.393096923828,0.46107080578804,0.688416719436646,1528.22302246094,16.1575107574463
195,-159.69,22.141,695.004699707031,148.822906494141,0.452490508556366,0.641083419322968,1157.01196289062,18.3487701416016
196,-159.668,22.148,727.231872558594,137.953201293945,0.463366806507111,0.684583306312561,1267.94799804688,17.3381805419922
197,-154.945,19.414,779.914978027344,142.998397827148,0.610499620437622,0.62158328294754,2778.64501953125,21.7689800262451
198,-154.945,19.414,779.914978027344,142.998397827148,0.610499620437622,0.62158328294754,2778.64501953125,21.7689800262451
199,-154.945,19.414,779.914978027344,142.998397827148,0.610499620437622,0.62158328294754,2778.64501953125,21.7689800262451
200,-154.945,19.414,779.914978027344,142.998397827148,0.610499620437622,0.62158328294754,2778.64501953125,21.7689800262451
201,-154.945,19.414,779.914978027344,142.998397827148,0.610499620437622,0.62158328294754,2778.64501953125,21.7689800262451
202,-154.945,19.414,779.914978027344,142.998397827148,0.610499620437622,0.62158328294754,2778.64501953125,21.7689800262451
203,-154.945,19.414,779.914978027344,142.998397827148,0.610499620437622,0.62158328294754,2778.64501953125,21.7689800262451
204,-154.945,19.414,779.914978027344,142.998397827148,0.610499620437622,0.62158328294754,2778.64501953125,21.7689800262451
205,-154.945,19.414,779.914978027344,142.998397827148,0.610499620437622,0.62158328294754,2778.64501953125,21.7689800262451
206,-154.945,19.414,779.914978027344,142.998397827148,0.610499620437622,0.62158328294754,2778.64501953125,21.7689800262451
207,-155.858,19.316,636.993774414062,111.134399414062,0.626271486282349,0.682500004768372,1202.26000976562,19.3316307067871
208,-154.953,19.424,822.45068359375,135.64729309082,0.618684113025665,0.582416713237762,2914.13891601562,21.2260608673096
209,-154.953,19.424,822.45068359375,135.64729309082,0.618684113025665,0.582416713237762,2914.13891601562,21.2260608673096
210,-154.953,19.424,822.45068359375,135.64729309082,0.618684113025665,0.582416713237762,2914.13891601562,21.2260608673096
211,-154.953,19.424,822.45068359375,135.64729309082,0.618684113025665,0.582416713237762,2914.13891601562,21.2260608673096
212,-154.953,19.424,822.45068359375,135.64729309082,0.618684113025665,0.582416713237762,2914.13891601562,21.2260608673096
213,-154.953,19.424,822.45068359375,135.64729309082,0.618684113025665,0.582416713237762,2914.13891601562,21.2260608673096
214,-154.953,19.424,822.45068359375,135.64729309082,0.618684113025665,0.582416713237762,2914.13891601562,21.2260608673096
215,-154.953,19.424,822.45068359375,135.64729309082,0.618684113025665,0.582416713237762,2914.13891601562,21.2260608673096
216,-154.953,19.424,822.45068359375,135.64729309082,0.618684113025665,0.582416713237762,2914.13891601562,21.2260608673096
217,-154.953,19.424,822.45068359375,135.64729309082,0.618684113025665,0.582416713237762,2914.13891601562,21.2260608673096
218,-159.413,22.091,1165.71704101562,116.017303466797,0.668745219707489,0.690833270549774,2919.90893554688,20.792049407959
219,-156.29,20.728,467.582000732422,124.884902954102,0.463835686445236,0.514416694641113,915.041381835938,11.4449100494385
220,-155.283,19.917,847.308288574219,137.977401733398,0.498617887496948,0.685583412647247,3480.85791015625,14.7439298629761
221,-154.902,19.483,781.923706054688,140.818496704102,0.627404510974884,0.694083273410797,3135.31396484375,21.6718807220459
222,-156.597,20.858,843.895080566406,126.35489654541,0.50783121585846,0.71616667509079,2665.01904296875,18.1034202575684
223,-159.574,22.218,1007.91400146484,150.057403564453,0.463449895381927,0.659833312034607,2561.70092773438,22.6005191802979
224,-156.254,20.8,839.360473632812,132.384399414062,0.46033638715744,0.667583286762238,2598.00610351562,14.0573301315308
225,-154.869,19.437,761.395080566406,147.570907592773,0.56539261341095,0.59500002861023,2474.36694335938,23.0743007659912
226,-155.815,19.114,514.261108398438,114.20189666748,0.556884527206421,0.528083324432373,883.96142578125,19.1719703674316
227,-155.815,19.116,464.871002197266,112.107902526855,0.557210981845856,0.547333419322968,894.14111328125,19.139440536499
228,-155.386,19.494,648.158813476562,156.913299560547,0.325496703386307,0.420083314180374,1628.88793945312,10.2407999038696
229,-157.78,21.35,650.849670410156,101.159599304199,0.703598082065582,0.631916582584381,2680.52197265625,21.6622791290283
230,-159.684,22.127,709.314880371094,142.778900146484,0.460252791643143,0.688416719436646,1275.08203125,17.4200706481934
231,-154.872,19.441,794.509521484375,159.459106445312,0.57645970582962,0.707000017166138,2513.14306640625,22.873420715332
232,-154.872,19.441,794.509521484375,159.459106445312,0.57645970582962,0.707000017166138,2513.14306640625,22.873420715332
233,-154.872,19.441,794.509521484375,159.459106445312,0.57645970582962,0.707000017166138,2513.14306640625,22.873420715332
234,-154.872,19.441,794.509521484375,159.459106445312,0.57645970582962,0.707000017166138,2513.14306640625,22.873420715332
235,-154.872,19.441,794.509521484375,159.459106445312,0.57645970582962,0.707000017166138,2513.14306640625,22.873420715332
236,-154.872,19.441,794.509521484375,159.459106445312,0.57645970582962,0.707000017166138,2513.14306640625,22.873420715332
237,-154.872,19.441,794.509521484375,159.459106445312,0.57645970582962,0.707000017166138,2513.14306640625,22.873420715332
238,-154.872,19.441,794.509521484375,159.459106445312,0.57645970582962,0.707000017166138,2513.14306640625,22.873420715332
239,-154.872,19.441,794.509521484375,159.459106445312,0.57645970582962,0.707000017166138,2513.14306640625,22.873420715332
240,-154.872,19.441,794.509521484375,159.459106445312,0.57645970582962,0.707000017166138,2513.14306640625,22.873420715332
241,-154.869,19.441,816.686096191406,159.835998535156,0.573601186275482,0.67983341217041,2486.72192382812,22.9494590759277
242,-154.869,19.441,816.686096191406,159.835998535156,0.573601186275482,0.67983341217041,2486.72192382812,22.9494590759277
243,-154.869,19.441,816.686096191406,159.835998535156,0.573601186275482,0.67983341217041,2486.72192382812,22.9494590759277
244,-154.869,19.441,816.686096191406,159.835998535156,0.573601186275482,0.67983341217041,2486.72192382812,22.9494590759277
245,-154.869,19.441,816.686096191406,159.835998535156,0.573601186275482,0.67983341217041,2486.72192382812,22.9494590759277
246,-154.869,19.441,816.686096191406,159.835998535156,0.573601186275482,0.67983341217041,2486.72192382812,22.9494590759277
247,-154.869,19.441,816.686096191406,159.835998535156,0.573601186275482,0.67983341217041,2486.72192382812,22.9494590759277
248,-154.869,19.441,816.686096191406,159.835998535156,0.573601186275482,0.67983341217041,2486.72192382812,22.9494590759277
249,-154.869,19.441,816.686096191406,159.835998535156,0.573601186275482,0.67983341217041,2486.72192382812,22.9494590759277
250,-154.869,19.441,816.686096191406,159.835998535156,0.573601186275482,0.67983341217041,2486.72192382812,22.9494590759277
251,-154.905,19.53,762.668212890625,155.765197753906,0.601970970630646,0.655333280563354,3193.44897460938,22.2430801391602
252,-154.905,19.53,762.668212890625,155.765197753906,0.601970970630646,0.655333280563354,3193.44897460938,22.2430801391602
253,-154.905,19.53,762.668212890625,155.765197753906,0.601970970630646,0.655333280563354,3193.44897460938,22.2430801391602
254,-154.905,19.53,762.668212890625,155.765197753906,0.601970970630646,0.655333280563354,3193.44897460938,22.2430801391602
255,-154.905,19.53,762.668212890625,155.765197753906,0.601970970630646,0.655333280563354,3193.44897460938,22.2430801391602
256,-154.905,19.53,762.668212890625,155.765197753906,0.601970970630646,0.655333280563354,3193.44897460938,22.2430801391602
257,-154.885,19.526,765.282775878906,156.912399291992,0.5887051820755,0.711166679859161,2895.837890625,22.4754905700684
258,-154.885,19.526,765.282775878906,156.912399291992,0.5887051820755,0.711166679859161,2895.837890625,22.4754905700684
259,-154.885,19.526,765.282775878906,156.912399291992,0.5887051820755,0.711166679859161,2895.837890625,22.4754905700684
260,-154.885,19.526,765.282775878906,156.912399291992,0.5887051820755,0.711166679859161,2895.837890625,22.4754905700684
261,-154.885,19.526,765.282775878906,156.912399291992,0.5887051820755,0.711166679859161,2895.837890625,22.4754905700684
262,-154.885,19.526,765.282775878906,156.912399291992,0.5887051820755,0.711166679859161,2895.837890625,22.4754905700684
263,-154.885,19.526,765.282775878906,156.912399291992,0.5887051820755,0.711166679859161,2895.837890625,22.4754905700684
264,-154.885,19.526,765.282775878906,156.912399291992,0.5887051820755,0.711166679859161,2895.837890625,22.4754905700684
265,-154.885,19.526,765.282775878906,156.912399291992,0.5887051820755,0.711166679859161,2895.837890625,22.4754905700684
266,-154.885,19.526,765.282775878906,156.912399291992,0.5887051820755,0.711166679859161,2895.837890625,22.4754905700684
267,-154.905,19.53,762.668212890625,155.765197753906,0.601970970630646,0.655333280563354,3193.44897460938,22.2430801391602
268,-154.905,19.53,762.668212890625,155.765197753906,0.601970970630646,0.655333280563354,3193.44897460938,22.2430801391602
269,-154.905,19.53,762.668212890625,155.765197753906,0.601970970630646,0.655333280563354,3193.44897460938,22.2430801391602
270,-154.905,19.53,762.668212890625,155.765197753906,0.601970970630646,0.655333280563354,3193.44897460938,22.2430801391602
271,-154.905,19.53,762.668212890625,155.765197753906,0.601970970630646,0.655333280563354,3193.44897460938,22.2430801391602
272,-154.874,19.523,1092.17504882812,150.841995239258,0.583334624767303,0.75475001335144,2765.4990234375,22.4048194885254
273,-154.874,19.523,1092.17504882812,150.841995239258,0.583334624767303,0.75475001335144,2765.4990234375,22.4048194885254
274,-154.874,19.523,1092.17504882812,150.841995239258,0.583334624767303,0.75475001335144,2765.4990234375,22.4048194885254
275,-154.874,19.523,1092.17504882812,150.841995239258,0.583334624767303,0.75475001335144,2765.4990234375,22.4048194885254
276,-154.874,19.523,1092.17504882812,150.841995239258,0.583334624767303,0.75475001335144,2765.4990234375,22.4048194885254
277,-154.874,19.523,1092.17504882812,150.841995239258,0.583334624767303,0.75475001335144,2765.4990234375,22.4048194885254
278,-154.874,19.523,1092.17504882812,150.841995239258,0.583334624767303,0.75475001335144,2765.4990234375,22.4048194885254
279,-154.874,19.523,1092.17504882812,150.841995239258,0.583334624767303,0.75475001335144,2765.4990234375,22.4048194885254
280,-154.874,19.523,1092.17504882812,150.841995239258,0.583334624767303,0.75475001335144,2765.4990234375,22.4048194885254
281,-154.874,19.523,1092.17504882812,150.841995239258,0.583334624767303,0.75475001335144,2765.4990234375,22.4048194885254
282,-159.48,22.187,1343.21398925781,140.121200561523,0.594284117221832,0.740833282470703,2447.13110351562,20.7365398406982
283,-154.998,19.546,1058.49304199219,138.317901611328,0.654610097408295,0.628333270549774,3631.59204101562,21.6073093414307
284,-155.983,19.733,467.786407470703,85.2362899780273,0.546055018901825,0.526750028133392,977.761596679688,20.5877208709717
285,-158.101,21.413,977.917114257812,133.466903686523,0.498687595129013,0.674499988555908,1159.46899414062,18.0519008636475
286,-155.195,19.905,835.054382324219,137.665100097656,0.616177022457123,0.707750022411346,5341.55615234375,18.6758708953857
287,-159.627,22.148,847.857116699219,127.390296936035,0.503411829471588,0.655333280563354,2119.19506835938,15.2423496246338
288,-157.929,21.533,803.774108886719,119.61360168457,0.633603274822235,0.6387500166893,5496.55712890625,17.2155990600586
289,-155.257,19.695,669.121704101562,114.865798950195,0.631321728229523,0.638916671276093,6174.455078125,15.846960067749
290,-155.329,19.678,682.90478515625,124.122596740723,0.541688799858093,0.543833315372467,2819.62890625,13.2803802490234
291,-155.466,19.687,601.655029296875,165.38459777832,0.316151887178421,0.302249997854233,1033.53405761719,10.5445699691772
292,-155.237,19.414,856.724670410156,139.856796264648,0.498544186353683,0.651750028133392,2796.88500976562,15.3093595504761
293,-155.238,19.413,859.62890625,141.084396362305,0.493609011173248,0.649249970912933,2702.17797851562,15.3866596221924
294,-156.546,20.948,652.494018554688,103.455497741699,0.670332908630371,0.600499987602234,2081.67602539062,19.5463695526123
295,-159.646,22.061,470.870513916016,118.843002319336,0.464071214199066,0.667999982833862,1063.10302734375,21.3092308044434
296,-158.017,21.623,1192.78698730469,148.215301513672,0.518422424793243,0.745416581630707,1965.87097167969,22.07008934021
297,-158.18,21.5,1152.86999511719,110.071403503418,0.519269526004791,0.701833426952362,1634.82104492188,21.4458103179932
298,-157.72,21.29,588.179626464844,141.503402709961,0.532401919364929,0.430999994277954,903.690673828125,23.2087802886963
299,-156.64,20.97,1224.20202636719,152.09880065918,0.441351801156998,0.692666590213776,1863.13903808594,21.3913707733154
300,-157.85,21.4,861.150817871094,112.801300048828,0.643735587596893,0.656166672706604,3271.86303710938,20.1055698394775
301,-155.3,19.85,804.990417480469,141.04280090332,0.477071404457092,0.691916584968567,3026.97192382812,12.5252504348755
302,-155.34,19.44,798.00537109375,157.066497802734,0.42039081454277,0.677416682243347,1813.36901855469,14.6851997375488
303,-155.19,19.79,687.761596679688,116.358703613281,0.664248824119568,0.6930832862854,7005.12109375,16.592399597168
304,-159.72,22.07,485.510589599609,109.341903686523,0.466263711452484,0.574999988079071,861.059020996094,19.8351593017578
305,-155.78,19.19,493.769500732422,115.55069732666,0.499763488769531,0.538333296775818,847.164184570312,13.7326698303223
306,-155.29,19.92,866.168273925781,139.343200683594,0.487027406692505,0.697666585445404,3317.36010742188,14.567310333252
307,-155.41,19.4,644.145874023438,145.688507080078,0.488184899091721,0.512250006198883,1601.09594726562,14.3093595504761
308,-159.65,22.13,1020.59301757812,135.278396606445,0.46279639005661,0.708000004291534,1630.97094726562,16.1452808380127
309,-155.48,19.33,655.1552734375,117.632400512695,0.52490758895874,0.759916722774506,2299.626953125,15.2055196762085
310,-155.55,19.26,629.248596191406,107.223602294922,0.538997173309326,0.682250022888184,2442.73999023438,14.054349899292
311,-155.5,19.31,636.769104003906,114.111701965332,0.527240991592407,0.723083317279816,2274.34399414062,14.4140300750732
312,-155.21,19.86,758.080078125,122.584297180176,0.628916025161743,0.688666701316833,6769.76220703125,16.43869972229
313,-155.5,19.37,556.199401855469,125.198997497559,0.42512708902359,0.436666697263718,1835.82604980469,10.9394798278809
314,-157.95,21.5,926.945983886719,134.0791015625,0.595022082328796,0.728833317756653,3881.30493164062,19.9162502288818
315,-155.89,19.69,376.601715087891,117.965202331543,0.446692496538162,0.400750011205673,773.333679199219,10.750129699707
316,-155.24,19.71,673.002319335938,117.171997070312,0.640071392059326,0.649083316326141,6314.18212890625,16.3442192077637
317,-155.26,19.94,862.131469726562,137.242294311523,0.549177229404449,0.725833415985107,4545.63720703125,17.0863304138184
318,-155.23,19.91,809.61376953125,130.640106201172,0.594030022621155,0.708083271980286,5112.59521484375,17.2417907714844
319,-157.99,21.64,1359.97302246094,134.485595703125,0.564837515354156,0.67558342218399,2567.90087890625,20.2808704376221
320,-158.18,21.54,822.589294433594,122.706398010254,0.503099679946899,0.713833272457123,1385.02099609375,20.1129703521729
321,-155.8,19.23,472.194885253906,107.771499633789,0.518288791179657,0.522583305835724,814.994506835938,13.8511695861816
322,-155.21,19.7,648.628112792969,107.855400085449,0.673711478710175,0.651083409786224,5859.23486328125,17.3029899597168
323,-155.15,19.61,961.676696777344,118.755996704102,0.681483387947083,0.716083288192749,5449.85888671875,18.6034297943115
324,-155.8,19.2,443.31298828125,106.280799865723,0.532234311103821,0.46849998831749,798.682922363281,14.5957202911377
325,-155.19,19.7,684.906982421875,119.916603088379,0.683944523334503,0.624916672706604,5703.0458984375,17.741870880127
326,-155.29,19.45,765.804809570312,131.035293579102,0.453763514757156,0.62366658449173,2085.59497070312,15.433910369873
327,-159.69,22.1,749.446411132812,134.052200317383,0.450459212064743,0.735833287239075,1233.52600097656,17.7905693054199
328,-155.16,19.69,704.707092285156,111.832901000977,0.688189387321472,0.683499991893768,5389.06396484375,19.190990447998
329,-155.17,19.87,786.280578613281,132.894393920898,0.649269580841064,0.720666587352753,5829.19482421875,18.9712505340576
330,-155.19,19.66,668.782897949219,119.721099853516,0.683152914047241,0.668500006198883,5779.1611328125,17.7571392059326
331,-155.22,19.74,666.597595214844,117.304397583008,0.64724212884903,0.665666580200195,6488.69580078125,16.4058399200439
332,-155.34,19.68,640.898620605469,121.36009979248,0.529978275299072,0.54025000333786,2656.81201171875,13.0044298171997
333,-155.31,19.89,882.728271484375,130.339599609375,0.441568285226822,0.710500001907349,2647.31494140625,12.8328800201416
334,-155.86,19.73,337.449096679688,104.345199584961,0.513180673122406,0.56725001335144,703.12841796875,14.3825998306274
335,-155.17,19.72,850.739196777344,110.448303222656,0.682885527610779,0.713249981403351,5757.47802734375,18.5514698028564
336,-155.45,19.36,621.806030273438,127.820098876953,0.507619798183441,0.644500017166138,1929.76599121094,14.6795597076416
337,-159.68,22.06,680.776916503906,129.228302001953,0.462015986442566,0.68491667509079,1004.43597412109,18.4319095611572
338,-158.06,21.56,914.653503417969,145.722595214844,0.495683312416077,0.557833313941956,1007.93798828125,22.7029094696045
339,-159.47,22.15,860.169128417969,113.327796936035,0.683941900730133,0.670083284378052,3558.06811523438,21.7828807830811
340,-155.75,20.21,1496.25903320312,159.421203613281,0.479084104299545,0.776000022888184,1861.90295410156,22.3419895172119
341,-159.64,22.17,965.353271484375,137.328002929688,0.480868011713028,0.696666717529297,1374.03894042969,22.011869430542
342,-158.11,21.45,594.015319824219,123.677597045898,0.500095784664154,0.674749970436096,1156.98999023438,21.9195709228516
343,-156.25,20.88,1462.15600585938,155.796295166016,0.487908005714417,0.763333320617676,3561.80493164062,19.5280094146729
344,-157.83,21.36,893.888488769531,121.21720123291,0.602184772491455,0.712499976158142,2821.53002929688,20.0146808624268
345,-156.57,20.98,887.19140625,126.393501281738,0.581348478794098,0.600916683673859,1953.38098144531,20.4362506866455
346,-155.1,19.43,783.356689453125,121.631401062012,0.643341422080994,0.61733341217041,4852.001953125,18.3551502227783
347,-155.7,20.16,960.518676757812,134.386703491211,0.568709075450897,0.686833322048187,3759.56103515625,18.4816207885742
348,-156.23,20.85,931.392028808594,135.598495483398,0.540629625320435,0.654250025749207,5277.59912109375,17.3634490966797
349,-156.07,20.77,761.591979980469,122.286399841309,0.660331070423126,0.687749981880188,7492.57177734375,16.6447906494141
350,-156.12,20.79,761.536987304688,135.60090637207,0.623871982097626,0.700250029563904,7115.05419921875,16.4683990478516
351,-155.31,19.97,1062.91796875,142.306106567383,0.505936622619629,0.767333328723907,3706.82788085938,17.3046703338623
352,-155.18,19.52,824.564270019531,115.121597290039,0.63710367679596,0.681833326816559,6152.68603515625,16.9387702941895
353,-155.12,19.65,698.553100585938,114.363899230957,0.688543975353241,0.676083326339722,4830.240234375,20.4583206176758
354,-155.11,19.8,726.934326171875,133.762405395508,0.642093896865845,0.720166683197021,4163.3359375,21.4611396789551
355,-155.12,19.61,736.954772949219,126.606597900391,0.679773092269897,0.712833285331726,4794.97900390625,19.6072006225586
356,-156.02,20.76,809.512329101562,124.278297424316,0.712891101837158,0.666416585445404,3278.330078125,20.940559387207
357,-156,20.72,574.320983886719,117.23819732666,0.693876385688782,0.733166575431824,1868.44104003906,22.8729400634766
358,-156.02,20.69,756.05126953125,120.425300598145,0.665123879909515,0.740750014781952,2026.62902832031,22.1244792938232
359,-157.99,21.52,1314.38195800781,143.917694091797,0.522433280944824,0.696250021457672,1967.38305664062,20.9698390960693
360,-155.83,19.77,442.843994140625,100.525100708008,0.490470707416534,0.53258341550827,688.507507324219,16.5883598327637
361,-155.61,19.18,650.863586425781,101.08219909668,0.586598694324493,0.633666574954987,2939.55590820312,15.3483400344849
362,-156.1,20.74,730.703674316406,118.874397277832,0.533035099506378,0.666249990463257,9399.333984375,11.8319301605225
363,-155.21,19.45,778.239685058594,126.064002990723,0.571707487106323,0.681583285331726,4345.619140625,16.2670707702637
364,-156.21,20.8,742.443786621094,109.340797424316,0.567970275878906,0.540750026702881,4924.73193359375,13.9815998077393
365,-156.16,20.75,693.23291015625,136.599395751953,0.450142294168472,0.652416586875916,3851.26806640625,11.3696899414062
366,-155.64,19.18,709.889892578125,108.894897460938,0.531401097774506,0.643249988555908,2447.5400390625,13.9948997497559
367,-155.59,19.14,649.115783691406,108.90950012207,0.63074392080307,0.722500026226044,2358.60498046875,18.8229808807373
368,-155.27,19.63,687.278198242188,113.6708984375,0.604404270648956,0.613749980926514,4733.31103515625,14.7661800384521
369,-155.21,19.57,844.237182617188,115.86669921875,0.638297319412231,0.676750004291534,6332.34716796875,16.2415599822998
370,-155.54,19.25,624.916076660156,106.414001464844,0.567902624607086,0.702499985694885,2534.48095703125,14.730959892273
371,-155.83,19.27,526.020324707031,109.132202148438,0.571204602718353,0.453750014305115,896.614624023438,15.2312202453613
372,-155.63,20.11,839.291320800781,116.159202575684,0.64566308259964,0.66308331489563,3067.2890625,18.0782699584961
373,-155.57,19.23,615.176391601562,103.700897216797,0.572337925434113,0.681416571140289,2511.46704101562,14.9549999237061
374,-157.94,21.62,1364.5419921875,138.197906494141,0.595073580741882,0.71749997138977,2442.037109375,21.8145809173584
375,-155.26,20,1072.78100585938,148.061996459961,0.507657110691071,0.705333411693573,3577.38500976562,22.0035991668701
376,-158.01,21.68,852.116577148438,156.793304443359,0.460880905389786,0.618416726589203,1272.65295410156,22.6798095703125
377,-156.53,20.98,497.653594970703,144.345306396484,0.524476170539856,0.571916699409485,766.608215332031,23.099910736084
378,-156.62,21,805.722717285156,161.074401855469,0.430102407932281,0.667916715145111,1654.94396972656,22.2641296386719
379,-154.88,19.55,1290.89794921875,167.671096801758,0.559725284576416,0.749499976634979,2834.44091796875,22.7666702270508
380,-155,19.7,815.939697265625,167.043304443359,0.577870726585388,0.785083413124084,3257.10693359375,22.8883209228516
381,-154.87,19.44,797.606872558594,161.328399658203,0.569523990154266,0.638666689395905,2480.2119140625,22.9900093078613
382,-154.9,19.48,927.731811523438,123.352203369141,0.627545118331909,0.701666712760925,3131.47192382812,21.6524791717529
383,-155.03,19.61,366.534088134766,132.103698730469,0.641304194927216,0.659916579723358,3625.69799804688,22.0605392456055
384,-155.02,19.71,791.767395019531,152.303894042969,0.596208572387695,0.7637500166893,3302.61303710938,22.8280391693115
385,-154.97,19.57,814.600219726562,149.061599731445,0.631759405136108,0.689333319664001,3432.5419921875,22.298770904541
386,-155.09,19.63,840.50830078125,128.695205688477,0.671138286590576,0.73891669511795,4236.3681640625,20.8955097198486
387,-154.94,19.48,813.603515625,132.951995849609,0.637508511543274,0.673500001430511,3231.39306640625,21.2451190948486
388,-156.04,20.72,698.720397949219,105.710296630859,0.713806092739105,0.689750015735626,5120.69482421875,17.9569492340088
389,-155.65,20.04,914.753295898438,110.51969909668,0.520402371883392,0.702416718006134,1966.20495605469,17.015739440918
390,-155.29,19.79,733.325378417969,130.107498168945,0.511506915092468,0.62366658449173,3404.30493164062,12.8663902282715
391,-155.72,20.08,811.919799804688,122.206100463867,0.47676819562912,0.636500000953674,2623.56005859375,13.2110300064087
392,-155.29,19.55,727.84228515625,125.149398803711,0.52490758895874,0.662333428859711,2793.1630859375,13.3458003997803
393,-155.27,19.83,786.709106445312,129.631607055664,0.528099179267883,0.642916679382324,4649.06396484375,13.708740234375
394,-155.27,19.49,811.249328613281,132.779693603516,0.507281720638275,0.734666585922241,2652.8369140625,14.5067596435547
395,-155.29,19.83,779.629516601562,136.022201538086,0.497100293636322,0.65841668844223,3339.91796875,12.8992795944214
396,-155.64,19.14,686.452575683594,107.334503173828,0.565913617610931,0.665750026702881,2162.34301757812,15.7616901397705
397,-155.26,19.76,719.558715820312,117.316299438477,0.587741315364838,0.641333281993866,5735.10595703125,14.8707399368286
398,-155.24,19.46,797.04931640625,132.818893432617,0.532763719558716,0.682333409786224,3187.24389648438,15.5093097686768
399,-155.31,19.67,670.978088378906,119.676399230957,0.56599771976471,0.602500021457672,3055.26391601562,13.8464202880859
400,-155.83,19.4,553.377075195312,105.191497802734,0.61276787519455,0.672833323478699,1407.251953125,16.0538997650146
401,-155.66,20.08,505.049102783203,82.9226226806641,0.607446670532227,0.68491667509079,3582.291015625,17.5034103393555
402,-155.67,19.15,727.039611816406,120.07080078125,0.507981717586517,0.691916704177856,1696.21704101562,14.7535800933838
403,-155.22,19.41,822.844604492188,137.17170715332,0.513167917728424,0.655916690826416,3055.86401367188,15.7809896469116
404,-155.59,19.15,648.993713378906,106.191398620605,0.630727887153625,0.746166586875916,2499.98193359375,18.3332004547119
405,-155.29,19.67,674.256713867188,118.02660369873,0.594829022884369,0.621249973773956,3701.34912109375,14.4471302032471
406,-155.27,19.87,822.006774902344,131.63020324707,0.52385801076889,0.671083271503448,4444.7080078125,14.0036096572876
407,-156.16,20.79,761.413818359375,123.355903625488,0.604538023471832,0.667249977588654,5740.0859375,15.4262199401855
408,-155.29,19.71,689.874572753906,120.360900878906,0.5853590965271,0.641166687011719,4050.71704101562,14.7468299865723
409,-159.62,22.14,856.730590820312,131.880493164062,0.497127503156662,0.698333323001862,2487.41088867188,15.7207403182983
410,-155.23,19.68,664.923278808594,114.937599182129,0.661265075206757,0.598333418369293,6140.98193359375,16.7044696807861
411,-155.27,19.92,838.416381835938,133.296203613281,0.528766512870789,0.7049999833107,4017.67700195312,15.6257801055908
412,-155.23,19.54,724.536987304688,116.561798095703,0.595572173595428,0.668583273887634,5528.9638671875,15.3736400604248
413,-155.61,20.05,479.167297363281,77.8956527709961,0.561960220336914,0.659916579723358,1730.51196289062,17.6704807281494
414,-155.17,19.54,1006.59899902344,114.637603759766,0.652666091918945,0.719166576862335,6089.14599609375,17.2973098754883
415,-155.53,19.21,607.593017578125,106.971603393555,0.616733014583588,0.764750003814697,2351.19409179688,17.8128395080566
416,-155.89,19.58,529.470520019531,108.380699157715,0.578108906745911,0.626666724681854,1343.20703125,16.7463798522949
417,-155.83,19.44,538.062377929688,109.13500213623,0.591567277908325,0.614000022411346,1199.92199707031,15.6540298461914
418,-155.5,19.24,556.580871582031,94.3411178588867,0.603862881660461,0.645666718482971,2273.52099609375,17.8580207824707
419,-155.75,20.18,886.799072265625,153.861999511719,0.50375771522522,0.714999973773956,2772.10107421875,19.747709274292
420,-155.02,19.46,771.515014648438,126.116401672363,0.65770959854126,0.630249977111816,3829.80810546875,19.8655700683594
421,-155.63,19.1,747.931213378906,113.75309753418,0.574962079524994,0.725250005722046,1969.10498046875,18.1878795623779
422,-155.12,19.59,1043.10998535156,111.454200744629,0.679309725761414,0.666166722774506,4791.5078125,19.2938804626465
423,-155.86,19.47,593.814514160156,113.850303649902,0.612745523452759,0.619833409786224,1528.11499023438,16.9950904846191
424,-155.22,19.48,835.441101074219,122.65650177002,0.569941580295563,0.71875,4357.64306640625,15.7434701919556
425,-155.15,19.44,779.787292480469,122.68049621582,0.628910899162292,0.598666727542877,5316.48291015625,17.4740695953369
426,-155.95,19.7,550.947814941406,105.134201049805,0.558275580406189,0.645583271980286,1328.81201171875,17.9420509338379
427,-155.22,19.61,678.049011230469,116.383796691895,0.650471806526184,0.66266667842865,6303.8330078125,16.3992404937744
428,-155.68,19.11,762.195129394531,117.250999450684,0.519319772720337,0.679916679859161,1507.03002929688,16.6736392974854
429,-155.85,19.42,603.575012207031,111.090103149414,0.638491988182068,0.620583415031433,1922.166015625,17.9607391357422
430,-155.05,19.54,648.637878417969,129.372802734375,0.671348214149475,0.635333299636841,4120.6240234375,20.6453304290771
431,-155.26,19.58,699.172912597656,114.581100463867,0.592068910598755,0.689833283424377,4029.12890625,14.6926202774048
432,-155.23,19.41,843.060119628906,139.522903442383,0.501103699207306,0.665166676044464,2833.53002929688,15.5941400527954
433,-155.27,19.7,672.478515625,116.119003295898,0.614081621170044,0.621999979019165,5551.162109375,15.3450002670288
434,-154.96,19.44,811.925415039062,135.595306396484,0.628312408924103,0.65408331155777,3096.35791015625,20.2674198150635
435,-155.35,19.98,792.908325195312,125.338096618652,0.486168801784515,0.645416676998138,2685.26293945312,16.9641399383545
436,-155.14,19.76,726.974670410156,118.286598205566,0.67224657535553,0.694083273410797,5376.7080078125,19.4891395568848
437,-157.79,21.37,1150.708984375,109.291603088379,0.695509076118469,0.629999995231628,2152.59594726562,21.8864593505859
438,-158.03,21.6,1146.21594238281,151.155700683594,0.4868184030056,0.697250008583069,1634.17004394531,21.516170501709
439,-156.3,20.89,992.366516113281,133.160995483398,0.412999302148819,0.700666725635529,2092.37109375,21.0732192993164
440,-158.01,21.43,496.929290771484,128.279205322266,0.53395289182663,0.490000009536743,774.463623046875,22.7800407409668
441,-155.07,19.72,129.909698486328,123.41739654541,0.629219770431519,0.507166683673859,3428.43701171875,22.7493190765381
442,-156.88,20.82,661.849426269531,115.894096374512,0.52167397737503,0.577416718006134,895.385620117188,17.7925701141357
443,-155.87,19.11,325.730712890625,101.432899475098,0.586857974529266,0.375499993562698,773.723510742188,22.1009197235107
444,-155.2,19.95,792.0703125,141.786102294922,0.557019889354706,0.713083326816559,4182.4541015625,21.4130096435547
445,-155.46,19.27,766.789794921875,107.449699401855,0.574494123458862,0.799083411693573,1715.07397460938,19.4202194213867
446,-155.45,20.04,1026.00805664062,128.30110168457,0.519779026508331,0.77141672372818,2574.00390625,18.9245796203613
447,-155.12,19.77,709.505126953125,128.506896972656,0.655005693435669,0.737666726112366,4553.27978515625,20.7670192718506
448,-155.38,20.02,823.169128417969,129.723693847656,0.491674214601517,0.659333288669586,2460.52294921875,19.8130893707275
449,-155.46,19.99,530.463195800781,96.6455688476562,0.521098017692566,0.626583278179169,1435.25,16.389139175415
450,-155.83,19.64,396.951812744141,131.844299316406,0.465406805276871,0.345083296298981,680.756286621094,12.4111404418945
451,-154.96,19.4,660.281494140625,140.040405273438,0.591923415660858,0.59591668844223,2747.55590820312,21.9372501373291
452,-156.31,20.69,441.249786376953,128.375305175781,0.370608896017075,0.494583308696747,936.070373535156,10.0752296447754
453,-155.83,19.8,432.734893798828,114.139198303223,0.478990107774734,0.497750014066696,649.053771972656,18.5516796112061
454,-159.7,22.02,406.990386962891,121.233299255371,0.474296689033508,0.522666573524475,717.469970703125,20.8490295410156
455,-155.39,19.35,767.071105957031,133.80859375,0.507638812065125,0.618833422660828,1823.375,17.9507598876953
456,-158.01,21.55,682.705078125,147.072402954102,0.495231002569199,0.70291668176651,1611.51599121094,20.938419342041
457,-158.09,21.39,869.824584960938,125.709396362305,0.494730085134506,0.645416676998138,1044.07397460938,20.0057792663574
458,-155.43,19.33,654.733276367188,121.992897033691,0.530844390392303,0.646250009536743,1892.06799316406,17.426290512085
459,-156.64,20.91,978.108520507812,134.555297851562,0.466064512729645,0.67508327960968,1555.1240234375,20.2728500366211
460,-159.38,22.06,672.870483398438,130.741104125977,0.632377326488495,0.647750020027161,1765.67395019531,22.6930599212646
461,-157.84,21.48,1169.88793945312,160.667297363281,0.59831702709198,0.276833295822144,1393.4169921875,23.2198295593262
462,-159.54,22.21,1040.19104003906,149.200805664062,0.509662628173828,0.712000012397766,2387.44311523438,22.9650802612305
463,-155.23,19.38,890.531188964844,150.264404296875,0.468337506055832,0.666916728019714,2507.85595703125,16.3907909393311
464,-158.23,21.5,481.944305419922,154.016296386719,0.441473305225372,0.39966669678688,742.576782226562,23.6918601989746
465,-155.5,19.14,421.612915039062,118.732299804688,0.599053919315338,0.574416697025299,916.6279296875,23.5442008972168
466,-156.62,20.87,854.127075195312,120.353996276855,0.496158212423325,0.622250020503998,1487.30200195312,17.512659072876
467,-155.59,19.02,529.262512207031,138.354705810547,0.546895980834961,0.639916718006134,750.743408203125,23.2243003845215
468,-157.96,21.43,752.063415527344,146.219192504883,0.514459371566772,0.739833414554596,1172.48205566406,22.9551105499268
469,-155.68,19.62,246.450805664062,139.108505249023,0.377394497394562,0.320499986410141,464.598388671875,10.8343896865845
470,-155.08,19.64,951.082702636719,132.317993164062,0.669100284576416,0.725000023841858,4093.31494140625,21.2414398193359
471,-155.11,19.69,726.954406738281,119.086196899414,0.680949926376343,0.708249986171722,4224.1259765625,21.4629993438721
472,-155.85,19.23,563.888305664062,114.109596252441,0.596306204795837,0.643583416938782,1219.26098632812,17.7095794677734
473,-155.8,19.09,493.511413574219,116.128997802734,0.555032193660736,0.368083298206329,803.840270996094,19.9314804077148
474,-155.01,19.45,782.330688476562,129.469696044922,0.649518370628357,0.616333425045013,3615.333984375,19.9056701660156
475,-155.41,19.66,628.257202148438,134.106506347656,0.44562691450119,0.490249991416931,1976.0810546875,11.2673196792603
476,-155.83,19.55,499.884307861328,121.254699707031,0.538628220558167,0.440083295106888,777.209228515625,14.8950099945068
477,-154.86,19.52,808.640625,158.85139465332,0.579442322254181,0.757083296775818,2641.92797851562,22.6122207641602
478,-155.63,19.23,638.762512207031,134.171005249023,0.441787987947464,0.409249991178513,2184.11401367188,11.5144300460815
480,-159.48,22.03,945.909423828125,106.430702209473,0.665355384349823,0.655166685581207,4648.36083984375,20.1561508178711
481,-155.45,19.38,573.885070800781,126.325202941895,0.491192013025284,0.507333278656006,1796.14196777344,13.3756399154663
482,-155.81,19.77,433.625610351562,118.640899658203,0.480652689933777,0.440499991178513,678.933715820312,16.721549987793
483,-155.32,19.5,766.664672851562,142.773803710938,0.434563398361206,0.665083289146423,2412.74194335938,13.2121000289917
484,-155.11,19.49,742.409606933594,121.856399536133,0.671563625335693,0.625249981880188,4778.044921875,18.7750091552734
485,-155.26,19.38,828.297424316406,152.488098144531,0.458584398031235,0.568750023841858,1898.94604492188,16.4747505187988
486,-155.68,20.12,720.506469726562,107.381797790527,0.583987474441528,0.618083417415619,3839.84497070312,15.3358602523804
487,-155.31,19.47,785.267028808594,149.96809387207,0.432797998189926,0.596000015735626,2185.06298828125,14.1148595809937
488,-155.92,19.65,541.106384277344,103.153701782227,0.578006029129028,0.628583312034607,1289.30200195312,17.2449607849121
489,-155.91,19.74,373.641510009766,94.5004806518555,0.519189596176147,0.5256667137146,735.038208007812,15.9260396957397
490,-155.39,19.68,619.322509765625,136.531997680664,0.480463206768036,0.470250010490417,2154.60205078125,11.6538095474243
491,-155.81,19.72,379.832611083984,117.969299316406,0.487613409757614,0.374000012874603,632.926818847656,14.7165002822876
492,-155.05,19.49,730.2509765625,116.44100189209,0.671938121318817,0.609083414077759,4300.23193359375,19.8956298828125
493,-155.52,19.33,553.13623046875,126.753402709961,0.441855490207672,0.573916673660278,1987.83703613281,11.0566101074219
494,-155.25,19.32,758.798583984375,153.002700805664,0.463665008544922,0.425999999046326,1946.06896972656,18.5049991607666
495,-155.81,19.47,493.144195556641,111.323699951172,0.543793976306915,0.533583283424377,816.171813964844,14.3842697143555
496,-154.94,19.4,742.015380859375,151.369903564453,0.585764825344086,0.7012500166893,2545.65795898438,22.6485996246338
497,-155.79,20.17,1243.30700683594,144.188201904297,0.443624287843704,0.718583285808563,2397.69506835938,18.5492496490479
498,-155.38,19.3,573.041381835938,118.803497314453,0.544380784034729,0.0635000020265579,1690.76599121094,18.9931297302246
499,-155.79,19.17,480.677490234375,108.533401489258,0.525411128997803,0.485916703939438,802.526611328125,14.9044504165649
500,-155.81,19.14,595.885925292969,105.643096923828,0.554830014705658,0.578499972820282,977.182006835938,17.8229503631592
501,-155.86,19.6,461.446502685547,109.428802490234,0.532616674900055,0.434166699647903,844.402221679688,15.2086496353149
503,-155.93,19.66,548.540771484375,101.852798461914,0.581242322921753,0.685999989509583,1383.14099121094,17.6770095825195
504,-155.7,19.17,561.825622558594,126.683601379395,0.42281711101532,0.304083287715912,1448.42602539062,13.2976303100586
505,-155.79,19.11,535.069580078125,114.095001220703,0.541016519069672,0.390333294868469,888.143127441406,18.5220794677734
506,-155.32,19.76,639.590515136719,127.317001342773,0.508213698863983,0.654416680335999,2751.59204101562,12.3520803451538
507,-155.25,19.96,1098.916015625,134.091796875,0.554755926132202,0.670666694641113,5001.23681640625,19.0934104919434
508,-155.83,19.52,459.945587158203,113.134101867676,0.549417316913605,0.503583312034607,840.923522949219,14.8883199691772
509,-155.39,19.61,611.791381835938,143.988098144531,0.427203208208084,0.44858330488205,1861.08203125,10.7911701202393
510,-155.13,19.53,685.570495605469,105.591499328613,0.675554811954498,0.656750023365021,5129.1669921875,18.5219593048096
511,-155.47,19.4,591.644897460938,138.437301635742,0.420261800289154,0.4375,1654.37805175781,11.0594301223755
512,-155.56,19.81,203.868606567383,155.823501586914,0.305012285709381,0.330666691064835,401.49951171875,8.37476062774658
513,-155.75,19.53,385.648010253906,135.360794067383,0.450545191764832,0.453000009059906,560.145202636719,11.6175699234009
514,-155.55,19.8,187.880599975586,167.330093383789,0.306230306625366,0.332916706800461,362.551391601562,8.49412822723389
515,-156.12,20.82,1048.75598144531,148.965805053711,0.603195488452911,0.736083328723907,5098.06103515625,20.6107196807861
516,-155.89,19.45,778.719604492188,113.01619720459,0.637184023857117,0.673166692256927,1147.15698242188,21.9309692382812
517,-155.96,19.61,500.567687988281,103.052200317383,0.589645683765411,0.554416716098785,958.296325683594,22.4509601593018
518,-155.95,19.54,477.090087890625,129.776000976562,0.568477094173431,0.646916687488556,1032.623046875,22.7156391143799
520,-158.12,21.36,473.718414306641,124.604698181152,0.431247711181641,0.384999990463257,724.898498535156,22.5256309509277
521,-159.43,22.01,1150.10705566406,127.452697753906,0.630591571331024,0.67166668176651,2532.75903320312,21.2785797119141
522,-157.98,21.47,1195.38098144531,144.002700805664,0.525878071784973,0.750416696071625,1552.07995605469,21.4845600128174
523,-159.33,22.14,1194.57397460938,136.617095947266,0.610434710979462,0.75208330154419,1575.64501953125,22.8913097381592
524,-158.14,21.54,747.343383789062,122.701797485352,0.531288325786591,0.675499975681305,1140.75903320312,21.7259502410889
525,-156.93,20.85,517.909912109375,128.052505493164,0.467543810606003,0.598916590213776,700.155883789062,20.203369140625
526,-155.44,19.31,699.515319824219,125.111602783203,0.544391214847565,0.711166679859161,1925.7900390625,18.1874198913574
527,-155.84,19.1,449.577209472656,112.096298217773,0.572021782398224,0.529666721820831,796.890197753906,20.9833908081055
528,-155.54,19.13,461.216003417969,114.668701171875,0.638064086437225,0.7325000166893,1192.90100097656,22.8703098297119
529,-155.94,19.53,509.737091064453,123.113403320312,0.581756472587585,0.653999984264374,1144.93395996094,22.1521892547607
530,-155.64,19.02,665.841491699219,129.046096801758,0.537241220474243,0.724666714668274,939.07861328125,21.7121295928955
531,-155.92,19.54,493.587799072266,110.547203063965,0.608951389789581,0.700083315372467,1544.53405761719,19.6774501800537
532,-155.73,20.02,603.957214355469,133.62060546875,0.39783439040184,0.376333296298981,736.983276367188,19.9621505737305
534,-155.7,19.66,369.248687744141,142.82829284668,0.409880012273788,0.462333410978317,456.840606689453,13.0066499710083
